CustomerID,LastLoginDate,SupportTickets,UsageHoursLast30Days
C00001,2026-01-19 00:00:00,2,4.64
C00002,2026-01-24 00:00:00,0,18.43
C00003,2025-11-26 00:00:00,0,7.32
C00004,01/19/2026,1,"8,69"
C00005,23.01.2026,3,6.13
C00006,2026-01-20 00:00:00,4,5.13
C00007,2026-01-19 00:00:00,0,10.78
C00008,2025-04-30 00:00:00,5,0.0
C00009,2026-01-30 00:00:00,2,7.3
C00010,2026-01-26 00:00:00,0,10.93
C00011,2026-01-22 00:00:00,0,13.32
C00012,2026-02-01 00:00:00,3,15.14
C00013,18.01.2026,1,6.2
C00014,01/27/2026,2,23.83
C00015,2026-01-23 00:00:00,1,9.27
C00016,2025-06-18 00:00:00,3,11.1
C00017,2024-07-07 00:00:00,0,11.25
C00018,2023-07-17 00:00:00,0,19.7
C00019,2026-01-28 00:00:00,0,17.84
C00020,2026-01-25 00:00:00,0,18.09
C00021,2026-01-25 00:00:00,0,12.33
C00022,2026-01-20 00:00:00,0,8.68
C00023,2023-12-05 00:00:00,1,19.91
C00024,2025-12-08 00:00:00,3,1.24
C00025,01/31/2026,0,9.39
C00026,2026-01-18 00:00:00,0,14.31
C00027,2026-01-24 00:00:00,0,14.94
C00028,2026-01-22 00:00:00,0,10.42
C00029,2026-01-31 00:00:00,2,18.22
C00030,2026-02-01 00:00:00,0,6.75
C00031,2026-01-23 00:00:00,0,-1.2
C00032,2026-01-22 00:00:00,1,2.34
C00033,2023-11-10 00:00:00,0,13.51
C00034,2026-01-31 00:00:00,3,9.59
C00035,2026-01-25 00:00:00,1,4.26
C00036,2023-07-04 00:00:00,2,5.25
C00037,2025-11-08 00:00:00,3,3.07
C00038,2026-01-28 00:00:00,0,7.88
C00039,09/12/2024,0,7.75
C00040,2026-01-29 00:00:00,1,8.85
C00041,2026-01-31 00:00:00,1,8.62
C00042,2026-01-23 00:00:00,1,17.63
C00043,2025-11-23 00:00:00,2,16.19
C00044,2026-01-26 00:00:00,1,10.85
C00045,2026-01-24 00:00:00,1,13.83
C00046,2026-02-01 00:00:00,1,12.24
C00047,2026-01-23 00:00:00,0,8.17
C00048,2025-07-04 00:00:00,3,4.05
C00049,2026-01-18 00:00:00,0,9.3
C00050,2026-01-29 00:00:00,2,3.38
C00051,2026-01-28 00:00:00,0,0.12
C00052,2026-01-23 00:00:00,1,12.11
C00053,2026-01-24 00:00:00,1,11.0
C00054,2026-01-23 00:00:00,1,11.76
C00055,2026-01-28 00:00:00,0,6.48
C00056,2023-11-03 00:00:00,3,14.51
C00057,2026-02-01 00:00:00,1,15.05
C00058,2026-01-18 00:00:00,1,8.12
C00059,2026-01-26 00:00:00,1,10.99
C00060,2026-01-26 00:00:00,1,6.03
C00061,2026-01-23 00:00:00,1,18.94
C00062,2025-10-16 00:00:00,1,12.98
C00063,2025-04-22 00:00:00,0,2.4
C00064,2026-01-26 00:00:00,0,"10,28"
C00065,2024-11-08 00:00:00,1,21.39
C00066,2024-02-18 00:00:00,0,5.0
C00067,2026-01-30 00:00:00,0,3.37
C00068,2026-02-01,0,11.55
C00069,2026-01-23 00:00:00,1,4.46
C00070,2024-09-22 00:00:00,3,0.0
C00071,2025-06-20 00:00:00,,8.62
C00072,2026-01-24 00:00:00,2,2.98
C00073,2026-02-01 00:00:00,1,6.55
C00074,2026-01-22 00:00:00,4,3.59
C00075,2026-02-01 00:00:00,2,2.6
C00076,2026-01-28 00:00:00,0,21.31
C00077,2026-01-22 00:00:00,3,3.46
C00078,2026-01-26 00:00:00,0,11.55
C00079,2025-03-31 00:00:00,2,15.57
C00080,2026-01-29 00:00:00,1,12.07
C00081,2026-01-26 00:00:00,0,20.11
C00082,2026-01-28 00:00:00,0,10.44
C00083,2026-01-18 00:00:00,,
C00084,2026-01-22 00:00:00,0,11.76
C00085,2026-01-19 00:00:00,1,19.98
C00086,2026-01-27 00:00:00,0,
C00087,2026-01-18 00:00:00,1,18.84
C00088,2026-01-28 00:00:00,1,18.12
C00089,01/28/2026,1,0.07
C00090,2026-01-28 00:00:00,2,11.65
C00091,2024-07-04 00:00:00,0,13.33
C00092,2025-09-22 00:00:00,1,7.8
C00093,2026-02-01 00:00:00,1,10.88
C00094,2024-10-28 00:00:00,0,"10,13"
C00095,2026-01-18 00:00:00,0,6.31
C00096,2026-01-26 00:00:00,0,2.1
C00097,2026-01-22 00:00:00,1,12.1
C00098,2026-01-23 00:00:00,2,2.81
C00099,2026-01-18 00:00:00,1,7.59
C00100,2026-01-23 00:00:00,4,"0,00"
C00101,2026-01-25 00:00:00,0,11.16
C00102,2024-06-30 00:00:00,1,"16,17"
C00103,2025-07-15 00:00:00,2,5.88
C00104,2026-01-27 00:00:00,2,10.09
C00105,2026-01-19 00:00:00,1,5.76
C00106,2026-01-29 00:00:00,4,2.94
C00107,2026-01-26,0,12.42
C00108,2026-01-20 00:00:00,2,2.17
C00109,2026-01-30 00:00:00,0,8.73
C00110,2026-01-28 00:00:00,0,7.68
C00111,2026-01-21 00:00:00,0,
C00112,2025-06-11 00:00:00,2,
C00113,2026-01-18 00:00:00,1,8.06
C00114,2026-01-24 00:00:00,,2.42
C00115,2026-01-20,2,0.93
C00116,2026-01-24 00:00:00,2,6.38
C00117,2026-02-01 00:00:00,0,6.01
C00118,2026-01-20 00:00:00,2,2.74
C00119,2026-01-26 00:00:00,1,22.07
C00120,01/27/2026,,5.18
C00121,2026-01-21 00:00:00,1,"16,05"
C00122,2026-01-28 00:00:00,3,15.08
C00123,2026-01-26 00:00:00,,7.85
C00124,2026-01-23 00:00:00,1,6.71
C00125,2026-01-24 00:00:00,1,3.88
C00126,22.01.2026,1,6.27
C00127,2026-01-31 00:00:00,2,18.25
C00128,2026-01-18 00:00:00,0,11.86
C00129,2026-01-23 00:00:00,0,9.6
C00130,2026-01-23 00:00:00,1,10.87
C00131,2026-01-19 00:00:00,2,0.73
C00132,2026-01-25 00:00:00,2,7.06
C00133,2026-02-01 00:00:00,1,8.83
C00134,2026-01-31 00:00:00,0,9.37
C00135,01/18/2026,0,
C00136,2026-01-18 00:00:00,1,11.92
C00137,2026-01-31 00:00:00,1,12.03
C00138,2026-01-22 00:00:00,4,5.07
C00139,2026-01-23 00:00:00,1,1.12
C00140,2026-01-30,1,21.75
C00141,2026-01-21 00:00:00,2,25.08
C00142,2026-01-26 00:00:00,1,17.19
C00143,2026-01-29 00:00:00,1,"18,67"
C00144,2026-01-24 00:00:00,1,"10,85"
C00145,2025-07-24 00:00:00,3,0.86
C00146,2026-01-29 00:00:00,4,0.0
C00147,2026-01-23 00:00:00,3,9.67
C00148,2024-02-26 00:00:00,1,8.63
C00149,2026-01-23 00:00:00,0,22.39
C00150,2026-01-23 00:00:00,1,"5,10"
C00151,2026-01-22 00:00:00,0,21.64
C00152,2026-01-29,2,10.74
C00153,31.01.2026,1,13.13
C00154,2026-01-18,1,11.09
C00155,2026-01-28 00:00:00,0,12.66
C00156,2025-07-31 00:00:00,5,9.5
C00157,2026-01-28 00:00:00,1,10.73
C00158,2025-04-13 00:00:00,1,12.53
C00159,01.02.2026,1,1.25
C00160,2025-09-25 00:00:00,1,15.56
C00161,2026-01-18 00:00:00,1,10.9
C00162,2026-01-19 00:00:00,0,11.86
C00163,2026-01-28 00:00:00,2,7.12
C00164,2026-01-26 00:00:00,3,12.63
C00165,2026-01-22 00:00:00,0,3.47
C00166,2026-01-18 00:00:00,3,10.96
C00167,2026-01-23 00:00:00,1,20.1
C00168,2026-01-29 00:00:00,1,14.38
C00169,2026-01-27 00:00:00,1,6.48
C00170,2023-07-20 00:00:00,2,1.03
C00171,2024-03-10 00:00:00,1,14.01
C00172,2026-01-24 00:00:00,0,14.09
C00173,2026-01-21 00:00:00,1,5.16
C00174,2025-05-10 00:00:00,3,3.51
C00175,2026-01-24 00:00:00,1,"7,49"
C00176,2026-01-22 00:00:00,2,18.57
C00177,2026-01-24 00:00:00,1,13.0
C00178,2026-02-01 00:00:00,3,0.0
C00179,2026-01-24 00:00:00,3,17.2
C00180,02/26/2025,2,"6,81"
C00181,2026-01-21 00:00:00,,12.32
C00182,2026-01-29 00:00:00,0,20.25
C00183,2026-01-18 00:00:00,3,21.99
C00184,2025-11-27 00:00:00,0,16.77
C00185,2026-01-19 00:00:00,1,1.8
C00186,2026-02-01 00:00:00,1,18.78
C00187,2026-01-22 00:00:00,1,10.74
C00188,2024-03-05 00:00:00,2,0.0
C00189,2026-01-30 00:00:00,0,11.76
C00190,2026-01-29 00:00:00,1,4.52
C00191,2026-02-01 00:00:00,2,12.16
C00192,2025-11-14 00:00:00,1,29.89
C00193,2026-01-27 00:00:00,0,12.18
C00194,2026-01-30 00:00:00,0,11.48
C00195,2025-07-10 00:00:00,2,5.25
C00196,2024-03-28 00:00:00,4,2.93
C00197,2026-01-25 00:00:00,2,16.03
C00198,2023-05-11 00:00:00,1,10.62
C00199,2026-01-18 00:00:00,1,16.94
C00200,2026-01-22 00:00:00,1,5.5
C00201,2025-06-11 00:00:00,6,3.19
C00202,2025-11-12 00:00:00,1,8.57
C00203,2024-05-28 00:00:00,1,9.55
C00204,2025-08-13 00:00:00,0,14.02
C00205,2026-01-23 00:00:00,0,27.92
C00206,2026-01-26 00:00:00,2,5.51
C00207,2025-07-17 00:00:00,0,14.37
C00208,2026-01-27 00:00:00,3,10.91
C00209,2026-01-26 00:00:00,1,11.15
C00210,2026-01-24 00:00:00,1,8.76
C00211,2026-01-18 00:00:00,1,10.0
C00212,22.01.2026,1,9.74
C00213,2026-01-22 00:00:00,0,5.02
C00214,2024-04-21 00:00:00,3,1.33
C00215,2025-08-11 00:00:00,1,18.88
C00216,2024-12-23 00:00:00,0,6.98
C00217,2026-01-27 00:00:00,0,9.3
C00218,01/20/2026,0,9.53
C00219,2026-01-31,0,18.66
C00220,2026-01-30 00:00:00,0,"10,49"
C00221,24.01.2026,1,1.32
C00222,2026-01-21 00:00:00,1,0.1
C00223,2026-01-18 00:00:00,0,15.46
C00224,01/24/2026,1,2.91
C00225,2025-03-25 00:00:00,0,6.39
C00226,01/28/2026,0,23.34
C00227,2026-01-26 00:00:00,0,4.3
C00228,2026-01-28 00:00:00,0,4.27
C00229,2026-01-31 00:00:00,1,26.18
C00230,2026-01-27 00:00:00,0,5.85
C00231,2026-01-29 00:00:00,1,5.67
C00232,2026-01-24 00:00:00,0,7.32
C00233,2026-01-21 00:00:00,4,15.31
C00234,2026-01-18 00:00:00,1,15.3
C00235,2026-01-19 00:00:00,1,21.21
C00236,2026-01-28 00:00:00,1,5.68
C00237,01/18/2026,1,17.42
C00238,2026-01-18 00:00:00,1,14.27
C00239,2025-02-02,1,11.71
C00240,2025-11-15 00:00:00,1,14.09
C00241,2026-01-21 00:00:00,1,"10,78"
C00242,2026-01-31 00:00:00,0,21.25
C00243,2026-01-27 00:00:00,0,4.91
C00244,2025-08-26 00:00:00,1,5.98
C00245,2024-11-30 00:00:00,,6.08
C00246,01/18/2026,3,15.22
C00247,2026-01-20 00:00:00,2,26.37
C00248,2026-01-25 00:00:00,0,13.59
C00249,30.11.2025,1,5.65
C00250,2026-01-21 00:00:00,1,16.8
C00251,2023-07-30 00:00:00,1,4.46
C00252,2025-08-14 00:00:00,0,13.14
C00253,2026-01-24 00:00:00,0,8.13
C00254,2024-04-29 00:00:00,3,1.51
C00255,2026-01-31 00:00:00,3,8.49
C00256,2026-01-20 00:00:00,1,7.15
C00257,2026-01-25 00:00:00,1,18.44
C00258,22.01.2026,1,8.34
C00259,01/30/2026,1,5.77
C00260,2025-07-22 00:00:00,2,0.0
C00261,01/28/2026,2,7.5
C00262,01/25/2026,2,6.4
C00263,2026-01-25 00:00:00,2,11.6
C00264,2025-07-25 00:00:00,1,9.58
C00265,2026-01-22 00:00:00,4,4.97
C00266,2026-01-24 00:00:00,1,23.06
C00267,2026-01-26 00:00:00,2,1.76
C00268,2025-05-02 00:00:00,0,7.33
C00269,2026-01-23 00:00:00,1,
C00270,2025-08-21,2,3.77
C00271,2026-01-24 00:00:00,0,11.11
C00272,2026-01-23 00:00:00,0,15.15
C00273,2024-02-16 00:00:00,1,15.98
C00274,2026-01-24 00:00:00,,7.33
C00275,2026-01-24 00:00:00,1,8.03
C00276,2026-01-22 00:00:00,1,9.54
C00277,2026-01-28 00:00:00,2,8.78
C00278,2025-11-13 00:00:00,0,"5,61"
C00279,2024-02-14 00:00:00,1,11.45
C00280,2026-01-26 00:00:00,0,6.91
C00281,2026-01-28 00:00:00,2,18.58
C00282,2026-01-30 00:00:00,0,17.27
C00283,01/25/2026,0,7.88
C00284,2026-01-20 00:00:00,1,14.7
C00285,2026-02-01 00:00:00,4,1.72
C00286,2025-08-01 00:00:00,0,
C00287,2023-12-16 00:00:00,0,0.0
C00288,17.07.2025,4,13.05
C00289,2025-01-21 00:00:00,4,1.15
C00290,2026-01-28 00:00:00,1,14.77
C00291,2025-12-17 00:00:00,1,6.72
C00292,2026-01-18 00:00:00,3,14.75
C00293,2026-01-22 00:00:00,2,0.0
C00294,2026-01-27 00:00:00,1,5.06
C00295,2026-01-20 00:00:00,0,15.82
C00296,2026-01-27 00:00:00,1,12.85
C00297,2026-01-21 00:00:00,2,4.65
C00298,2026-01-18 00:00:00,3,0.0
C00299,01/21/2026,0,4.71
C00300,2026-01-23 00:00:00,0,15.56
C00301,2025-01-03 00:00:00,0,14.61
C00302,2026-01-18 00:00:00,2,9.71
C00303,2023-10-01 00:00:00,0,11.13
C00304,2026-01-23 00:00:00,1,4.79
C00305,2026-01-23 00:00:00,0,7.63
C00306,2024-01-29 00:00:00,0,4.32
C00307,2026-01-23 00:00:00,0,7.17
C00308,2026-01-27 00:00:00,1,13.69
C00309,2024-09-30 00:00:00,1,0.0
C00310,2026-01-20 00:00:00,1,8.29
C00311,2026-01-22 00:00:00,0,12.56
C00312,2026-01-25 00:00:00,3,7.58
C00313,2026-02-01 00:00:00,0,16.12
C00314,2024-10-17 00:00:00,0,13.59
C00315,2024-04-12 00:00:00,2,5.19
C00316,2026-01-30 00:00:00,0,16.23
C00317,2026-01-21 00:00:00,0,8.08
C00318,2026-01-27 00:00:00,0,9.83
C00319,2026-01-22 00:00:00,0,11.17
C00320,20.01.2026,2,7.77
C00321,2024-04-10 00:00:00,2,0.04
C00322,2026-01-18 00:00:00,0,26.42
C00323,2026-01-31 00:00:00,0,7.02
C00324,2026-01-28 00:00:00,1,10.29
C00325,2026-02-01 00:00:00,4,15.41
C00326,30.01.2026,1,9.21
C00327,01/27/2026,1,16.44
C00328,2026-02-01 00:00:00,0,7.85
C00329,2026-01-27 00:00:00,1,14.28
C00330,2026-01-31 00:00:00,0,16.11
C00331,2026-01-31 00:00:00,0,7.46
C00332,2026-01-20 00:00:00,0,18.08
C00333,2026-01-21 00:00:00,0,14.89
C00334,2026-01-26 00:00:00,0,16.08
C00335,24.01.2026,1,12.39
C00336,2026-01-28 00:00:00,0,19.55
C00337,2026-01-25 00:00:00,3,3.76
C00338,2026-01-21 00:00:00,,14.09
C00339,2026-01-25 00:00:00,2,15.4
C00340,2025-08-05 00:00:00,0,12.19
C00341,2026-01-25 00:00:00,4,3.43
C00342,2026-01-27 00:00:00,2,24.92
C00343,2025-05-21 00:00:00,0,5.95
C00344,2026-01-19 00:00:00,4,3.86
C00345,2025-11-05 00:00:00,1,4.45
C00346,2026-01-26 00:00:00,3,6.6
C00347,2026-01-21 00:00:00,0,9.35
C00348,2025-10-07 00:00:00,1,5.81
C00349,2026-01-21 00:00:00,1,14.93
C00350,2023-11-26 00:00:00,1,11.38
C00351,2026-01-29 00:00:00,1,16.45
C00352,2026-01-30 00:00:00,0,15.96
C00353,2026-01-18 00:00:00,0,15.03
C00354,2026-01-18 00:00:00,4,7.09
C00355,2026-01-20 00:00:00,0,0.0
C00356,01/23/2026,1,5.21
C00357,2026-01-31 00:00:00,2,14.5
C00358,2025-07-27 00:00:00,2,7.15
C00359,2026-01-30,3,0.0
C00360,2026-01-30 00:00:00,3,13.43
C00361,2026-01-22 00:00:00,0,"11,04"
C00362,01/27/2026,1,10.56
C00363,2026-01-19 00:00:00,0,13.22
C00364,2026-01-19 00:00:00,0,16.32
C00365,2026-01-20 00:00:00,0,12.06
C00366,2026-01-20 00:00:00,2,8.94
C00367,2026-01-24 00:00:00,1,11.78
C00368,2026-01-19 00:00:00,0,6.82
C00369,2026-01-19 00:00:00,1,10.39
C00370,2026-01-28 00:00:00,0,14.57
C00371,2026-01-26 00:00:00,1,14.93
C00372,2026-01-23 00:00:00,1,15.31
C00373,2024-06-29 00:00:00,2,7.14
C00374,2026-01-27 00:00:00,2,"10,13"
C00375,2026-01-29 00:00:00,2,8.2
C00376,2023-08-15 00:00:00,3,0.0
C00377,21.01.2026,4,0.62
C00378,2026-01-25 00:00:00,0,5.33
C00379,2026-01-29 00:00:00,1,21.57
C00380,2024-04-28 00:00:00,1,21.65
C00381,2026-01-23 00:00:00,0,15.26
C00382,2026-01-25,0,3.25
C00383,23.01.2026,1,13.27
C00384,2026-01-29 00:00:00,0,8.09
C00385,2026-01-30 00:00:00,3,24.73
C00386,2026-01-20 00:00:00,1,9.22
C00387,2026-01-22 00:00:00,0,10.97
C00388,2026-01-18 00:00:00,2,8.03
C00389,18.01.2026,1,
C00390,2024-03-28 00:00:00,2,2.51
C00391,2026-01-26 00:00:00,0,21.18
C00392,2024-01-03 00:00:00,3,5.9
C00393,2026-02-01 00:00:00,2,9.99
C00394,2025-07-27 00:00:00,4,1.85
C00395,2026-01-30 00:00:00,1,14.45
C00396,2026-01-29 00:00:00,2,15.42
C00397,2026-01-25 00:00:00,1,4.29
C00398,2026-01-22 00:00:00,1,12.85
C00399,01/27/2026,1,10.14
C00400,2026-01-18 00:00:00,1,20.25
C00401,2025-09-05 00:00:00,1,10.77
C00402,2026-01-21 00:00:00,3,2.27
C00403,2026-01-21 00:00:00,2,10.23
C00404,2026-02-01 00:00:00,0,"16,40"
C00405,2026-01-20 00:00:00,1,7.99
C00406,2026-01-23 00:00:00,0,9.53
C00407,2026-01-30 00:00:00,0,25.02
C00408,2026-01-21 00:00:00,1,14.64
C00409,01/31/2026,3,9.27
C00410,2026-01-23 00:00:00,1,11.27
C00411,2026-01-24 00:00:00,1,8.92
C00412,2026-02-01 00:00:00,0,13.05
C00413,2026-01-27 00:00:00,2,1.27
C00414,01/31/2026,1,7.58
C00415,2023-03-06 00:00:00,0,5.36
C00416,2026-01-20 00:00:00,1,14.0
C00417,2026-01-18 00:00:00,1,5.22
C00418,2026-01-25 00:00:00,1,9.78
C00419,2026-01-28 00:00:00,2,2.78
C00420,2026-01-18 00:00:00,2,14.99
C00421,2025-11-01 00:00:00,1,7.85
C00422,2026-01-26 00:00:00,2,0.0
C00423,2026-01-30 00:00:00,1,3.69
C00424,2025-06-27 00:00:00,2,13.52
C00425,2026-01-31 00:00:00,1,20.88
C00426,2024-06-18 00:00:00,0,20.98
C00427,30.07.2025,2,10.2
C00428,01/20/2026,2,0.57
C00429,2026-01-20 00:00:00,3,"5,43"
C00430,2026-01-20 00:00:00,0,20.21
C00431,2024-06-26 00:00:00,3,0.44
C00432,2026-01-27 00:00:00,2,0.18
C00433,2026-01-21 00:00:00,0,6.78
C00434,2026-01-28 00:00:00,1,7.44
C00435,01/21/2026,0,7.13
C00436,2026-01-19 00:00:00,0,14.18
C00437,2026-01-18 00:00:00,0,8.05
C00438,2025-07-13 00:00:00,2,9.0
C00439,2026-01-21 00:00:00,,4.93
C00440,2026-01-24 00:00:00,0,8.41
C00441,2026-01-31 00:00:00,0,-5.0
C00442,2026-01-26 00:00:00,0,8.23
C00443,2026-01-18 00:00:00,3,17.59
C00444,2026-01-19 00:00:00,4,0.0
C00445,2024-08-19 00:00:00,1,2.51
C00446,2026-01-21 00:00:00,2,23.53
C00447,2026-01-28 00:00:00,1,4.94
C00448,2026-01-26 00:00:00,0,16.25
C00449,2026-01-23 00:00:00,0,5.78
C00450,2026-01-25 00:00:00,2,6.3
C00451,2026-01-23 00:00:00,1,9.57
C00452,2026-01-31 00:00:00,1,14.85
C00453,2025-08-08 00:00:00,2,16.56
C00454,2026-01-20 00:00:00,1,9.64
C00455,2026-01-23 00:00:00,0,10.53
C00456,2026-01-20 00:00:00,2,0.26
C00457,2026-01-18 00:00:00,0,21.16
C00458,01/27/2026,1,17.67
C00459,2025-10-07 00:00:00,2,10.32
C00460,2023-12-30 00:00:00,3,6.92
C00461,2025-09-15 00:00:00,,5.77
C00462,2024-03-05 00:00:00,0,1.52
C00463,2026-01-27 00:00:00,2,8.05
C00464,2026-01-30 00:00:00,0,21.26
C00465,2026-01-27 00:00:00,3,1.2
C00466,2026-01-18 00:00:00,1,12.3
C00467,01/26/2026,1,8.3
C00468,2026-01-21 00:00:00,1,"10,91"
C00469,26.01.2026,0,5.5
C00470,2025-09-13 00:00:00,2,13.57
C00471,2026-01-23 00:00:00,0,10.88
C00472,01/31/2026,1,6.47
C00473,2026-01-27 00:00:00,1,7.29
C00474,2026-01-30,1,11.42
C00475,2026-01-30 00:00:00,0,8.05
C00476,2025-07-25 00:00:00,0,14.14
C00477,2026-01-30 00:00:00,1,7.54
C00478,2023-11-25 00:00:00,1,8.67
C00479,2026-01-24 00:00:00,0,9.1
C00480,2026-01-27 00:00:00,2,5.52
C00481,2024-03-29 00:00:00,0,14.9
C00482,2026-01-18 00:00:00,0,21.79
C00483,2026-01-19 00:00:00,1,5.37
C00484,2026-01-24 00:00:00,1,8.43
C00485,2024-06-08 00:00:00,,0.0
C00486,2026-01-20 00:00:00,1,14.59
C00487,2026-01-18 00:00:00,1,6.61
C00488,2026-01-31 00:00:00,1,15.9
C00489,2026-01-31 00:00:00,1,7.33
C00490,01/28/2026,0,6.29
C00491,2026-01-28 00:00:00,,10.51
C00492,2026-01-19 00:00:00,1,3.64
C00493,2025-10-14 00:00:00,2,3.9
C00494,2026-01-20 00:00:00,1,17.62
C00495,2026-01-22 00:00:00,3,6.34
C00496,2026-01-22 00:00:00,3,0.8
C00497,18.01.2026,3,7.73
C00498,2026-01-24 00:00:00,3,26.08
C00499,2026-01-21 00:00:00,1,12.35
C00500,2026-01-28 00:00:00,0,20.87
C00501,2023-05-24 00:00:00,2,2.06
C00502,2025-06-18 00:00:00,0,21.12
C00503,2026-01-19 00:00:00,4,5.82
C00504,2026-02-01 00:00:00,0,16.37
C00505,2026-01-25,1,6.01
C00506,2026-01-29 00:00:00,1,13.81
C00507,2025-05-03 00:00:00,0,19.4
C00508,2026-01-25 00:00:00,1,8.23
C00509,2026-02-01 00:00:00,2,
C00510,2026-02-01 00:00:00,2,4.19
C00511,2026-01-23 00:00:00,0,12.49
C00512,2026-01-29 00:00:00,0,7.92
C00513,12/22/2025,1,16.3
C00514,30.01.2026,1,8.28
C00515,2026-01-30 00:00:00,1,2.29
C00516,2026-01-27 00:00:00,1,21.28
C00517,01/22/2026,0,5.71
C00518,01/20/2026,2,9.75
C00519,26.12.2024,5,0.87
C00520,01/18/2026,2,4.17
C00521,2026-01-21 00:00:00,3,7.71
C00522,2026-01-30 00:00:00,2,0.8
C00523,2026-01-21 00:00:00,2,7.84
C00524,2026-01-29 00:00:00,1,8.32
C00525,2026-01-18 00:00:00,1,10.27
C00526,2026-01-20 00:00:00,1,15.92
C00527,2026-02-01 00:00:00,2,4.8
C00528,2026-01-30 00:00:00,2,3.24
C00529,2026-01-26 00:00:00,4,20.99
C00530,2025-07-30 00:00:00,0,8.27
C00531,2025-08-31 00:00:00,0,9.24
C00532,2026-01-31 00:00:00,1,4.57
C00533,2026-01-23 00:00:00,0,14.89
C00534,2026-01-23 00:00:00,1,6.31
C00535,2026-01-19 00:00:00,0,13.68
C00536,2026-01-29 00:00:00,1,7.62
C00537,2026-02-01 00:00:00,2,14.31
C00538,2023-03-21 00:00:00,2,10.18
C00539,2026-01-22 00:00:00,1,10.83
C00540,2026-01-25 00:00:00,1,7.51
C00541,2026-01-22 00:00:00,,14.43
C00542,2026-01-30 00:00:00,2,1.56
C00543,01/31/2026,0,19.99
C00544,2023-09-16 00:00:00,4,3.95
C00545,2025-06-08 00:00:00,1,4.6
C00546,2023-03-07 00:00:00,1,5.15
C00547,2026-01-23 00:00:00,2,1.27
C00548,2026-01-18 00:00:00,0,9.9
C00549,2026-01-28 00:00:00,0,25.08
C00550,2026-01-25 00:00:00,1,13.73
C00551,2026-01-22 00:00:00,0,17.39
C00552,2026-01-30 00:00:00,1,6.88
C00553,2026-01-26 00:00:00,1,14.0
C00554,2026-01-24 00:00:00,0,24.87
C00555,2026-01-28 00:00:00,3,12.08
C00556,2026-01-29 00:00:00,0,9.05
C00557,2026-01-26 00:00:00,0,8.12
C00558,2026-01-19 00:00:00,0,18.51
C00559,2026-01-26 00:00:00,1,9.92
C00560,2026-01-20 00:00:00,0,5.62
C00561,2026-01-22 00:00:00,0,6.8
C00562,2026-01-31 00:00:00,0,10.59
C00563,2026-01-19 00:00:00,1,11.01
C00564,2026-01-24 00:00:00,1,9.17
C00565,2026-01-24 00:00:00,1,11.04
C00566,2026-01-22 00:00:00,0,14.79
C00567,2026-02-01 00:00:00,1,0.0
C00568,2026-01-29 00:00:00,2,8.21
C00569,2026-01-21 00:00:00,0,14.07
C00570,2025-10-01 00:00:00,0,7.2
C00571,2026-01-27 00:00:00,0,11.48
C00572,2026-01-26 00:00:00,2,10.47
C00573,2026-01-23 00:00:00,0,14.09
C00574,2026-01-25 00:00:00,0,11.81
C00575,08.11.2023,0,6.71
C00576,2026-01-24 00:00:00,1,14.51
C00577,2025-11-09 00:00:00,7,3.43
C00578,2026-01-24 00:00:00,0,10.33
C00579,2026-01-22 00:00:00,0,5.45
C00580,2024-05-29 00:00:00,,5.9
C00581,2026-01-23 00:00:00,3,8.61
C00582,2026-01-26 00:00:00,2,1.91
C00583,2026-01-23 00:00:00,3,0.18
C00584,2026-01-22 00:00:00,1,7.24
C00585,2026-01-28 00:00:00,0,13.44
C00586,2026-01-25 00:00:00,1,6.93
C00587,2026-01-22 00:00:00,0,9.72
C00588,2026-01-23 00:00:00,1,11.84
C00589,2026-01-25 00:00:00,1,8.5
C00590,2026-01-29 00:00:00,0,18.95
C00591,2025-08-13 00:00:00,3,12.02
C00592,2025-10-11 00:00:00,2,4.09
C00593,2026-01-24 00:00:00,6,0.0
C00594,2026-01-25 00:00:00,0,13.3
C00595,2026-01-21 00:00:00,2,8.07
C00596,2026-01-28 00:00:00,1,12.37
C00597,22.01.2025,2,20.35
C00598,2026-02-01 00:00:00,0,9.27
C00599,2026-02-01 00:00:00,1,5.85
C00600,2026-01-25 00:00:00,1,13.96
C00601,2026-01-20 00:00:00,2,0.0
C00602,2025-09-17 00:00:00,0,8.78
C00603,2026-01-22 00:00:00,1,8.24
C00604,2026-01-27 00:00:00,3,8.29
C00605,2026-01-07 00:00:00,1,1.82
C00606,2026-01-27 00:00:00,1,15.13
C00607,2026-01-23 00:00:00,3,7.64
C00608,2025-07-22 00:00:00,2,20.06
C00609,2026-01-20 00:00:00,1,4.28
C00610,2026-01-18 00:00:00,0,11.92
C00611,2026-02-01 00:00:00,3,5.79
C00612,2026-01-20 00:00:00,1,11.06
C00613,2026-02-01 00:00:00,1,17.24
C00614,2026-01-18 00:00:00,2,7.65
C00615,2026-01-21 00:00:00,0,8.5
C00616,01/18/2026,0,15.24
C00617,2026-01-31 00:00:00,0,15.87
C00618,2024-06-29 00:00:00,0,14.11
C00619,2026-01-18 00:00:00,1,14.93
C00620,2026-01-28 00:00:00,0,-5.0
C00621,2026-01-27 00:00:00,1,16.44
C00622,2026-01-28 00:00:00,0,11.2
C00623,2026-01-30 00:00:00,2,7.98
C00624,2026-01-31 00:00:00,2,14.35
C00625,01/30/2026,5,2.62
C00626,08/12/2024,3,10.13
C00627,2026-02-01 00:00:00,1,
C00628,2024-05-30 00:00:00,0,9.79
C00629,2026-01-29,1,22.58
C00630,2026-01-23,0,8.08
C00631,2026-01-29 00:00:00,0,11.43
C00632,2026-01-19 00:00:00,5,34.8
C00633,2026-02-01 00:00:00,0,"22,83"
C00634,2026-01-22 00:00:00,2,11.64
C00635,2023-12-22 00:00:00,1,14.88
C00636,2026-01-26 00:00:00,2,12.21
C00637,2026-01-26 00:00:00,2,16.82
C00638,2026-01-30 00:00:00,1,12.99
C00639,2026-01-19 00:00:00,0,14.43
C00640,2026-01-18 00:00:00,0,4.91
C00641,2026-01-25 00:00:00,0,5.56
C00642,2026-01-22 00:00:00,0,14.29
C00643,2026-01-21 00:00:00,1,7.13
C00644,2026-01-27 00:00:00,2,0.13
C00645,2025-11-15,1,0.44
C00646,2026-01-31 00:00:00,3,12.33
C00647,2024-08-01 00:00:00,1,7.04
C00648,2025-01-23 00:00:00,2,13.23
C00649,2026-01-31 00:00:00,2,1.36
C00650,2025-09-03 00:00:00,0,4.92
C00651,05/26/2025,2,10.47
C00652,2026-01-24 00:00:00,0,12.66
C00653,2026-01-26 00:00:00,1,13.35
C00654,2026-01-18 00:00:00,4,1.24
C00655,2026-01-19 00:00:00,1,"4,53"
C00656,2026-01-27 00:00:00,1,11.35
C00657,2026-01-25 00:00:00,0,14.46
C00658,2026-01-18 00:00:00,2,10.87
C00659,2026-01-19 00:00:00,0,5.79
C00660,2026-01-23 00:00:00,2,13.45
C00661,2026-01-23 00:00:00,2,8.78
C00662,2026-01-21 00:00:00,3,7.69
C00663,2023-10-20 00:00:00,2,19.21
C00664,2026-01-19 00:00:00,0,5.9
C00665,2026-01-28 00:00:00,1,6.95
C00666,2026-01-20 00:00:00,1,8.21
C00667,2026-01-20 00:00:00,1,7.38
C00668,2025-10-12 00:00:00,2,28.1
C00669,2025-07-08 00:00:00,3,3.64
C00670,2026-01-19 00:00:00,2,9.13
C00671,2026-01-25 00:00:00,1,6.66
C00672,2026-01-24 00:00:00,0,13.93
C00673,2026-01-25 00:00:00,0,15.14
C00674,2026-02-01 00:00:00,1,14.6
C00675,2026-01-24 00:00:00,0,12.93
C00676,2026-01-22 00:00:00,0,17.43
C00677,2026-01-24 00:00:00,0,2.72
C00678,09/17/2023,1,21.38
C00679,2024-08-09 00:00:00,0,18.93
C00680,2026-01-24 00:00:00,1,5.7
C00681,2026-01-19 00:00:00,2,8.13
C00682,2026-01-26 00:00:00,0,7.46
C00683,2026-01-29 00:00:00,2,
C00684,2026-02-01 00:00:00,0,9.62
C00685,2026-01-19 00:00:00,4,7.5
C00686,2026-01-30 00:00:00,1,12.61
C00687,2026-01-26 00:00:00,0,250.0
C00688,2026-01-21 00:00:00,1,10.78
C00689,2026-01-30 00:00:00,2,8.78
C00690,2026-01-29 00:00:00,0,12.32
C00691,2026-01-23 00:00:00,2,19.21
C00692,2025-09-08 00:00:00,1,4.69
C00693,01/29/2026,1,1.84
C00694,2025-09-13 00:00:00,2,2.8
C00695,2026-01-22 00:00:00,0,20.37
C00696,2026-01-29 00:00:00,0,8.81
C00697,2026-01-26 00:00:00,0,"10,67"
C00698,2026-01-28 00:00:00,2,19.1
C00699,2026-01-18 00:00:00,0,9.22
C00700,27.01.2026,1,0.0
C00701,2026-01-20 00:00:00,1,6.52
C00702,2026-01-19 00:00:00,2,6.5
C00703,2026-01-30 00:00:00,6,8.65
C00704,2023-09-25 00:00:00,0,16.72
C00705,2026-02-01 00:00:00,2,9.04
C00706,2026-01-27 00:00:00,0,6.54
C00707,2026-01-30 00:00:00,2,2.33
C00708,2026-02-01 00:00:00,1,7.25
C00709,2026-01-24 00:00:00,0,18.88
C00710,2026-01-23 00:00:00,0,19.03
C00711,01/24/2026,1,20.45
C00712,01/26/2026,0,9.04
C00713,2026-01-21 00:00:00,0,15.99
C00714,2026-01-25,0,18.8
C00715,2025-10-16 00:00:00,2,3.98
C00716,26.01.2026,1,14.83
C00717,2025-07-18 00:00:00,0,13.3
C00718,2026-01-23 00:00:00,2,4.21
C00719,2026-01-20 00:00:00,0,6.2
C00720,2026-01-28 00:00:00,1,6.71
C00721,2026-01-26 00:00:00,3,11.14
C00722,2025-08-09 00:00:00,0,11.14
C00723,2026-01-29 00:00:00,3,9.28
C00724,2026-01-26 00:00:00,1,2.69
C00725,2026-01-28 00:00:00,0,6.42
C00726,2026-01-27 00:00:00,1,13.98
C00727,2025-07-28 00:00:00,1,6.19
C00728,2026-01-19 00:00:00,0,14.39
C00729,2026-02-01 00:00:00,2,0.99
C00730,2026-01-27 00:00:00,2,18.69
C00731,2026-01-20 00:00:00,1,
C00732,2026-01-31 00:00:00,0,7.65
C00733,2026-01-25 00:00:00,0,6.99
C00734,2026-01-30 00:00:00,2,14.57
C00735,2026-01-24 00:00:00,3,"5,50"
C00736,2026-01-22 00:00:00,0,4.42
C00737,2026-01-23,4,7.7
C00738,2026-01-24 00:00:00,1,8.93
C00739,2026-01-21,1,11.67
C00740,2026-01-24 00:00:00,,16.69
C00741,2025-09-14 00:00:00,0,5.84
C00742,2025-11-29 00:00:00,2,3.15
C00743,2026-02-01 00:00:00,1,6.92
C00744,2025-01-14 00:00:00,1,8.16
C00745,2026-01-24 00:00:00,2,17.84
C00746,2026-01-27 00:00:00,2,8.65
C00747,2025-06-09 00:00:00,,13.19
C00748,2026-01-26 00:00:00,0,9.99
C00749,2024-09-29 00:00:00,2,7.53
C00750,2026-01-27 00:00:00,1,9.33
C00751,2026-01-26 00:00:00,2,3.03
C00752,2026-01-25 00:00:00,1,5.14
C00753,2026-01-21 00:00:00,1,4.5
C00754,2026-01-21 00:00:00,,"1,84"
C00755,2025-07-31 00:00:00,0,13.73
C00756,2026-01-23 00:00:00,1,6.54
C00757,2026-01-18 00:00:00,3,1.47
C00758,2026-01-23 00:00:00,2,3.16
C00759,2026-01-24 00:00:00,0,12.19
C00760,2025-03-25 00:00:00,1,0.0
C00761,2026-01-25 00:00:00,2,9.27
C00762,2026-01-29 00:00:00,,1.33
C00763,2026-01-27 00:00:00,2,2.99
C00764,2026-01-23 00:00:00,0,5.21
C00765,2026-01-23 00:00:00,2,2.05
C00766,2025-10-22 00:00:00,3,8.3
C00767,01/20/2026,0,15.4
C00768,2026-01-22 00:00:00,1,13.37
C00769,2026-01-25 00:00:00,0,14.1
C00770,2026-01-26 00:00:00,3,0.48
C00771,2026-01-24 00:00:00,1,15.03
C00772,2026-01-24 00:00:00,0,11.87
C00773,2022-12-03 00:00:00,1,9.48
C00774,2026-01-20 00:00:00,2,17.01
C00775,2025-12-02 00:00:00,1,20.28
C00776,2026-01-27 00:00:00,0,9.59
C00777,2025-07-18 00:00:00,1,16.53
C00778,31.01.2026,0,"10,39"
C00779,01/31/2026,0,4.84
C00780,2026-01-19 00:00:00,3,22.71
C00781,2026-01-21 00:00:00,3,2.34
C00782,2026-01-27 00:00:00,1,6.27
C00783,2023-10-27 00:00:00,4,0.0
C00784,2026-01-26 00:00:00,2,3.88
C00785,2024-06-15 00:00:00,1,15.54
C00786,2026-01-28 00:00:00,0,19.8
C00787,2026-02-01 00:00:00,0,20.44
C00788,2026-01-26 00:00:00,2,6.15
C00789,2026-01-24 00:00:00,2,18.3
C00790,2026-01-25 00:00:00,0,6.59
C00791,2026-01-30 00:00:00,2,6.96
C00792,2024-03-21 00:00:00,0,9.53
C00793,2026-01-23 00:00:00,0,7.52
C00794,2026-01-22 00:00:00,2,14.2
C00795,2026-01-18 00:00:00,0,10.68
C00796,2026-01-25 00:00:00,1,16.43
C00797,2026-01-24 00:00:00,1,6.91
C00798,2026-01-21 00:00:00,2,4.23
C00799,2024-10-19 00:00:00,0,9.61
C00800,2026-01-20 00:00:00,0,21.63
C00801,2026-01-22 00:00:00,2,10.35
C00802,2026-02-01 00:00:00,2,
C00803,2026-01-27 00:00:00,2,16.25
C00804,01/24/2026,0,10.96
C00805,2026-01-26 00:00:00,1,18.11
C00806,2026-02-01 00:00:00,0,17.45
C00807,2026-01-28 00:00:00,0,8.31
C00808,2026-01-28 00:00:00,2,4.84
C00809,2026-02-01 00:00:00,0,9.78
C00810,2025-08-26 00:00:00,3,2.77
C00811,2026-01-27 00:00:00,0,11.11
C00812,2026-01-21 00:00:00,0,16.79
C00813,2026-01-19 00:00:00,2,6.08
C00814,2026-01-19 00:00:00,1,1.36
C00815,2026-01-19 00:00:00,0,7.06
C00816,2026-01-25,3,3.88
C00817,2026-01-29 00:00:00,2,6.06
C00818,2026-01-31 00:00:00,0,11.07
C00819,2025-08-05 00:00:00,2,14.68
C00820,2025-12-12 00:00:00,1,13.77
C00821,2026-01-29 00:00:00,1,8.6
C00822,01/29/2026,1,8.94
C00823,2026-01-28 00:00:00,1,9.72
C00824,2026-01-27 00:00:00,2,11.62
C00825,2026-01-28 00:00:00,1,8.32
C00826,2026-01-25 00:00:00,1,11.28
C00827,2025-07-15 00:00:00,3,
C00828,2026-01-23 00:00:00,2,4.82
C00829,2026-01-22 00:00:00,1,19.2
C00830,2023-07-03 00:00:00,1,2.62
C00831,2026-01-31 00:00:00,1,9.04
C00832,2026-01-30 00:00:00,2,8.37
C00833,2026-01-20 00:00:00,0,22.07
C00834,2024-08-11 00:00:00,2,0.82
C00835,2026-01-18 00:00:00,25,10.53
C00836,2026-01-21 00:00:00,2,2.22
C00837,2026-01-20 00:00:00,2,9.85
C00838,28.01.2026,3,4.13
C00839,2026-01-30 00:00:00,3,2.11
C00840,2026-01-30 00:00:00,0,10.93
C00841,2026-01-20 00:00:00,4,4.75
C00842,2026-01-26 00:00:00,2,16.13
C00843,2026-01-26 00:00:00,1,12.18
C00844,01/29/2026,2,8.53
C00845,2026-01-27 00:00:00,0,13.5
C00846,2026-01-27 00:00:00,1,2.45
C00847,01/21/2026,3,12.9
C00848,2022-12-14 00:00:00,0,11.46
C00849,2026-01-25 00:00:00,4,6.07
C00850,2025-02-20 00:00:00,1,7.6
C00851,2026-01-26 00:00:00,,17.56
C00852,2026-01-30 00:00:00,2,17.43
C00853,2026-01-31 00:00:00,0,18.08
C00854,2026-01-29 00:00:00,3,8.16
C00855,2026-02-01 00:00:00,1,14.31
C00856,2026-02-01 00:00:00,0,13.36
C00857,2024-11-25 00:00:00,0,6.17
C00858,2026-01-19 00:00:00,1,6.44
C00859,2026-01-30 00:00:00,0,27.53
C00860,28.08.2025,1,0.0
C00861,2025-11-15 00:00:00,1,16.93
C00862,2025-09-01 00:00:00,0,11.09
C00863,2026-01-23 00:00:00,1,15.09
C00864,2025-09-16 00:00:00,2,9.18
C00865,2026-01-21 00:00:00,2,"16,37"
C00866,2025-11-29 00:00:00,0,4.99
C00867,2025-08-06 00:00:00,0,6.89
C00868,2026-01-26 00:00:00,0,8.05
C00869,2026-01-26 00:00:00,2,18.09
C00870,2023-07-23 00:00:00,2,8.99
C00871,2026-01-18 00:00:00,0,
C00872,2026-01-20 00:00:00,1,7.32
C00873,2026-01-26,0,19.73
C00874,2026-01-21 00:00:00,1,8.93
C00875,2026-01-19 00:00:00,1,17.68
C00876,2026-01-28 00:00:00,2,1.89
C00877,2026-01-28 00:00:00,1,6.99
C00878,2025-08-20 00:00:00,1,22.74
C00879,2024-11-13 00:00:00,3,2.95
C00880,2026-01-31 00:00:00,2,8.56
C00881,2026-01-24 00:00:00,5,2.22
C00882,2026-01-29 00:00:00,0,14.03
C00883,2026-01-24 00:00:00,5,3.25
C00884,2026-01-31 00:00:00,2,2.15
C00885,2026-01-25 00:00:00,2,13.15
C00886,2026-01-29 00:00:00,1,3.78
C00887,2026-01-25 00:00:00,2,11.62
C00888,2026-01-29 00:00:00,0,10.28
C00889,2026-01-29 00:00:00,4,1.62
C00890,2026-01-19 00:00:00,3,5.89
C00891,2026-01-18 00:00:00,0,17.43
C00892,01/28/2026,0,12.57
C00893,2026-01-23 00:00:00,2,9.31
C00894,2026-01-27 00:00:00,2,15.9
C00895,2026-01-30 00:00:00,2,11.09
C00896,2026-01-31 00:00:00,1,13.01
C00897,2026-01-19 00:00:00,4,9.37
C00898,02/01/2026,0,6.22
C00899,2026-01-25 00:00:00,1,8.32
C00900,2026-01-29 00:00:00,1,11.47
C00901,2022-12-08,0,5.16
C00902,2026-01-30 00:00:00,4,3.6
C00903,2026-01-24 00:00:00,2,3.19
C00904,2026-01-27 00:00:00,2,
C00905,2026-01-25 00:00:00,,13.6
C00906,30.01.2026,0,20.42
C00907,2025-01-14 00:00:00,1,9.7
C00908,2026-01-30 00:00:00,2,17.35
C00909,24.01.2026,2,8.97
C00910,2026-01-23 00:00:00,2,0.0
C00911,01/19/2026,0,7.47
C00912,2026-01-18 00:00:00,1,6.88
C00913,2024-03-01 00:00:00,2,0.0
C00914,2026-02-01 00:00:00,0,9.35
C00915,2026-01-22 00:00:00,2,11.06
C00916,2026-01-22 00:00:00,1,4.2
C00917,01/22/2026,,28.14
C00918,2026-01-23 00:00:00,0,17.85
C00919,2026-01-22 00:00:00,1,9.0
C00920,2026-01-24 00:00:00,3,15.55
C00921,2026-01-23 00:00:00,0,16.26
C00922,2026-01-22 00:00:00,1,12.05
C00923,2024-12-08 00:00:00,3,2.9
C00924,2026-01-25 00:00:00,1,7.8
C00925,2024-07-02 00:00:00,0,0.21
C00926,2026-01-19 00:00:00,2,9.83
C00927,2026-01-18 00:00:00,1,5.8
C00928,2026-01-30 00:00:00,1,4.68
C00929,2026-01-19 00:00:00,0,23.04
C00930,2026-01-25 00:00:00,2,0.0
C00931,2024-06-20 00:00:00,0,0.95
C00932,2026-01-23 00:00:00,2,3.97
C00933,2026-01-31 00:00:00,0,9.79
C00934,2026-01-19 00:00:00,2,4.02
C00935,2026-01-23 00:00:00,0,8.92
C00936,2026-01-25 00:00:00,1,7.18
C00937,2026-01-23 00:00:00,2,0.2
C00938,18.01.2026,1,19.86
C00939,23.01.2026,5,5.15
C00940,2026-01-23 00:00:00,0,8.76
C00941,2025-05-12 00:00:00,0,6.45
C00942,2026-01-22 00:00:00,1,11.68
C00943,2026-01-30 00:00:00,,18.73
C00944,2026-01-20 00:00:00,2,3.47
C00945,2023-06-27 00:00:00,1,0.0
C00946,2026-01-21 00:00:00,2,11.09
C00947,2025-10-26 00:00:00,0,7.54
C00948,2024-07-15 00:00:00,1,18.18
C00949,2026-02-01 00:00:00,1,11.11
C00950,2026-01-21 00:00:00,0,14.27
C00951,2023-05-08 00:00:00,1,22.92
C00952,2026-02-01 00:00:00,1,17.0
C00953,2026-01-31 00:00:00,3,20.24
C00954,2025-03-08 00:00:00,3,1.16
C00955,2026-01-21 00:00:00,2,5.86
C00956,2026-01-20 00:00:00,0,4.66
C00957,2026-01-29 00:00:00,0,7.37
C00958,01/23/2026,0,12.44
C00959,20.01.2026,1,7.0
C00960,2026-01-31 00:00:00,2,2.25
C00961,2026-01-28 00:00:00,0,4.95
C00962,28.01.2026,0,12.58
C00963,2026-01-24 00:00:00,2,8.06
C00964,2026-01-29 00:00:00,2,7.79
C00965,2026-01-27 00:00:00,2,8.63
C00966,2026-01-29 00:00:00,1,11.07
C00967,2026-02-01 00:00:00,0,6.05
C00968,01/22/2026,1,7.55
C00969,2025-09-11 00:00:00,2,1.3
C00970,2026-01-19 00:00:00,0,4.56
C00971,2025-01-06 00:00:00,3,3.43
C00972,2024-02-28 00:00:00,2,0.0
C00973,27.01.2026,4,20.61
C00974,2026-01-27 00:00:00,2,2.4
C00975,2023-11-06 00:00:00,0,5.16
C00976,2026-01-18 00:00:00,0,10.01
C00977,2024-04-11 00:00:00,2,17.07
C00978,2026-01-20 00:00:00,1,7.22
C00979,2026-01-28 00:00:00,0,"7,34"
C00980,2026-01-22 00:00:00,0,17.98
C00981,01/28/2026,1,9.49
C00982,27.01.2026,0,
C00983,2026-01-20 00:00:00,0,17.13
C00984,01/22/2026,2,8.84
C00985,2026-01-25 00:00:00,4,0.29
C00986,2026-01-26 00:00:00,0,14.36
C00987,2026-01-21 00:00:00,2,
C00988,2026-01-30 00:00:00,4,6.87
C00989,01/20/2026,,16.35
C00990,2026-01-23,2,
C00991,2026-01-28 00:00:00,3,3.22
C00992,2026-01-22 00:00:00,1,18.14
C00993,2026-01-18 00:00:00,0,0.87
C00994,2026-01-27 00:00:00,1,24.91
C00995,2026-01-27 00:00:00,3,"4,23"
C00996,2026-01-19 00:00:00,2,10.28
C00997,2026-01-27 00:00:00,3,1.51
C00998,2026-01-20 00:00:00,1,9.84
C00999,2025-06-27 00:00:00,3,4.3
C01000,2026-01-24 00:00:00,1,26.55
C01001,2025-11-03 00:00:00,0,14.3
C01002,2026-02-01 00:00:00,1,20.55
C01003,28.01.2026,0,5.9
C01004,2025-12-21 00:00:00,2,
C01005,2026-01-21 00:00:00,2,8.95
C01006,2026-01-23 00:00:00,0,7.98
C01007,2026-01-26 00:00:00,2,11.47
C01008,2026-01-20,0,12.89
C01009,2025-10-19 00:00:00,5,11.07
C01010,2026-01-25 00:00:00,0,8.65
C01011,2026-01-27 00:00:00,3,6.41
C01012,2025-09-01 00:00:00,2,11.56
C01013,2023-10-09 00:00:00,4,16.43
C01014,2026-01-30 00:00:00,1,15.28
C01015,2026-02-01 00:00:00,5,"11,96"
C01016,2026-01-29,1,8.71
C01017,2026-01-30 00:00:00,3,11.84
C01018,2026-01-23 00:00:00,1,12.9
C01019,2024-03-11 00:00:00,4,6.4
C01020,2026-01-25 00:00:00,0,17.72
C01021,2023-03-22 00:00:00,3,3.06
C01022,04.02.2024,0,4.45
C01023,2026-01-21 00:00:00,3,0.66
C01024,2025-09-23 00:00:00,1,15.95
C01025,2026-01-26 00:00:00,1,23.8
C01026,2026-01-19 00:00:00,0,12.34
C01027,2026-01-28 00:00:00,0,11.09
C01028,2026-01-26 00:00:00,0,20.64
C01029,2026-01-19 00:00:00,2,9.97
C01030,2026-01-30 00:00:00,2,
C01031,2025-04-06 00:00:00,2,3.46
C01032,2026-01-24 00:00:00,3,7.58
C01033,09/01/2025,1,18.45
C01034,2026-01-19 00:00:00,1,8.49
C01035,2026-01-27 00:00:00,1,9.8
C01036,31.01.2026,0,14.45
C01037,2026-01-27 00:00:00,1,22.98
C01038,2023-02-26 00:00:00,1,10.95
C01039,01/22/2026,0,
C01040,2026-01-24 00:00:00,,11.52
C01041,2026-01-21 00:00:00,2,15.86
C01042,2026-01-27 00:00:00,1,9.84
C01043,2024-06-08 00:00:00,3,0.84
C01044,01/19/2026,2,19.93
C01045,19.01.2026,0,10.25
C01046,2024-03-26 00:00:00,0,14.91
C01047,2026-01-30 00:00:00,0,3.8
C01048,2026-01-30 00:00:00,0,9.86
C01049,01/18/2026,2,6.22
C01050,2026-01-19 00:00:00,2,8.36
C01051,2026-01-19 00:00:00,2,15.61
C01052,2026-01-23 00:00:00,0,11.85
C01053,2026-01-20 00:00:00,0,20.29
C01054,2026-01-25 00:00:00,1,1.62
C01055,2026-01-30 00:00:00,0,12.64
C01056,2026-01-29 00:00:00,0,14.91
C01057,2026-01-20 00:00:00,1,15.38
C01058,01/23/2026,3,8.83
C01059,2026-01-18 00:00:00,1,8.16
C01060,2026-01-19 00:00:00,0,10.91
C01061,2026-01-21 00:00:00,2,17.32
C01062,2026-02-01 00:00:00,2,8.95
C01063,2026-01-30 00:00:00,2,21.91
C01064,27.01.2026,1,0.0
C01065,2026-02-01 00:00:00,1,2.28
C01066,2026-01-18 00:00:00,0,24.53
C01067,2025-11-19 00:00:00,0,17.42
C01068,2026-01-27 00:00:00,0,8.21
C01069,22.01.2026,1,18.53
C01070,2023-06-24 00:00:00,1,3.73
C01071,2026-01-23 00:00:00,1,11.42
C01072,2024-09-02 00:00:00,2,6.83
C01073,2026-01-19 00:00:00,0,14.15
C01074,2026-01-22 00:00:00,2,19.96
C01075,2026-01-27 00:00:00,1,7.41
C01076,2026-01-22 00:00:00,0,11.3
C01077,2026-01-28 00:00:00,2,6.32
C01078,01/31/2026,0,
C01079,2026-02-01 00:00:00,0,14.86
C01080,2026-01-29 00:00:00,0,7.05
C01081,2026-01-22 00:00:00,0,16.79
C01082,2026-01-24 00:00:00,1,13.99
C01083,2026-01-28 00:00:00,1,12.59
C01084,22.01.2026,0,6.48
C01085,2024-02-04 00:00:00,2,0.0
C01086,2026-01-30 00:00:00,0,6.83
C01087,2026-01-22 00:00:00,1,7.48
C01088,2025-10-23 00:00:00,0,5.56
C01089,2025-04-10 00:00:00,4,0.02
C01090,01/24/2026,0,7.22
C01091,11/30/2024,0,7.07
C01092,2026-02-01 00:00:00,2,2.44
C01093,2026-01-31 00:00:00,2,10.59
C01094,2026-01-29,1,4.99
C01095,2026-01-29 00:00:00,1,8.61
C01096,2026-01-19 00:00:00,1,17.67
C01097,2026-01-21 00:00:00,4,2.48
C01098,2026-01-19 00:00:00,1,10.55
C01099,25.01.2026,1,19.55
C01100,2026-01-28 00:00:00,0,5.31
C01101,2024-07-06 00:00:00,3,6.25
C01102,2026-01-19 00:00:00,1,15.36
C01103,2026-01-27 00:00:00,1,4.9
C01104,2026-01-23 00:00:00,1,10.62
C01105,2026-01-30,0,
C01106,2026-01-18 00:00:00,0,5.11
C01107,2026-01-23 00:00:00,2,14.63
C01108,2026-01-18 00:00:00,1,10.13
C01109,2026-01-28 00:00:00,0,5.26
C01110,2026-01-23 00:00:00,1,0.59
C01111,2026-01-28 00:00:00,0,15.6
C01112,2026-01-25 00:00:00,1,7.88
C01113,2026-01-28 00:00:00,3,8.96
C01114,2026-01-30 00:00:00,4,2.48
C01115,2026-01-26 00:00:00,1,8.92
C01116,2026-01-25 00:00:00,,13.91
C01117,2026-01-30 00:00:00,1,15.76
C01118,2026-01-27 00:00:00,1,0.0
C01119,2026-01-31 00:00:00,3,10.95
C01120,2026-01-23 00:00:00,3,5.14
C01121,2026-01-28 00:00:00,0,10.36
C01122,2026-01-31 00:00:00,2,4.42
C01123,2026-01-25 00:00:00,1,15.52
C01124,2026-01-20 00:00:00,,8.04
C01125,2026-01-18 00:00:00,0,9.65
C01126,2026-01-18 00:00:00,3,1.27
C01127,2026-01-30 00:00:00,3,0.45
C01128,2026-01-29 00:00:00,1,12.09
C01129,2026-01-19 00:00:00,4,10.99
C01130,2026-01-23 00:00:00,3,10.67
C01131,2026-01-24 00:00:00,0,19.71
C01132,2026-01-20 00:00:00,2,18.39
C01133,2026-02-01 00:00:00,1,14.71
C01134,2026-01-24 00:00:00,2,17.96
C01135,2026-01-24,5,11.73
C01136,2026-01-18 00:00:00,1,10.33
C01137,2026-01-25 00:00:00,1,13.61
C01138,2026-01-25 00:00:00,0,10.0
C01139,2025-08-09 00:00:00,5,0.0
C01140,08/01/2025,2,9.95
C01141,2026-01-31,1,6.73
C01142,2026-01-25 00:00:00,1,
C01143,2026-01-23 00:00:00,3,15.35
C01144,2026-01-25 00:00:00,0,12.35
C01145,2026-01-22 00:00:00,1,
C01146,2026-01-29 00:00:00,0,12.31
C01147,02/01/2026,4,3.36
C01148,2026-01-21 00:00:00,2,11.98
C01149,2026-01-20 00:00:00,2,0.0
C01150,2026-01-23 00:00:00,0,12.34
C01151,2026-01-28 00:00:00,1,8.68
C01152,2026-01-27 00:00:00,1,
C01153,2026-01-25 00:00:00,0,7.77
C01154,2026-01-26 00:00:00,4,7.86
C01155,2026-01-29 00:00:00,1,5.19
C01156,2024-09-09 00:00:00,0,21.7
C01157,2026-01-28 00:00:00,2,11.57
C01158,2026-01-26 00:00:00,2,6.62
C01159,2024-08-23 00:00:00,0,7.6
C01160,2024-07-06 00:00:00,1,11.22
C01161,2026-01-20 00:00:00,0,7.91
C01162,28.01.2026,1,7.78
C01163,2025-11-06 00:00:00,1,12.96
C01164,2026-01-20 00:00:00,0,6.69
C01165,2026-01-30 00:00:00,0,"19,90"
C01166,2026-01-19 00:00:00,1,9.89
C01167,2026-01-25 00:00:00,1,13.82
C01168,01/25/2026,1,"13,85"
C01169,2026-01-26 00:00:00,1,5.66
C01170,22.01.2026,1,13.48
C01171,2026-01-23 00:00:00,2,2.07
C01172,2026-01-19 00:00:00,1,11.14
C01173,2024-11-19 00:00:00,,6.18
C01174,2026-01-30 00:00:00,4,3.84
C01175,2023-08-25 00:00:00,5,7.56
C01176,2026-01-30 00:00:00,2,5.68
C01177,2026-01-18 00:00:00,2,999.0
C01178,2026-01-31 00:00:00,2,8.24
C01179,2026-01-31 00:00:00,0,11.81
C01180,26.01.2026,0,11.17
C01181,2026-01-29 00:00:00,1,8.11
C01182,2025-10-28 00:00:00,1,8.79
C01183,2026-01-23 00:00:00,1,"6,99"
C01184,2026-01-24 00:00:00,0,5.31
C01185,2026-01-20 00:00:00,1,14.45
C01186,01/26/2026,0,16.37
C01187,2026-01-18 00:00:00,1,11.5
C01188,09.05.2025,0,4.39
C01189,2026-01-30 00:00:00,1,13.77
C01190,2023-02-21 00:00:00,2,7.68
C01191,2026-01-31 00:00:00,2,5.83
C01192,2026-02-01 00:00:00,2,16.58
C01193,2026-01-27 00:00:00,,8.79
C01194,2026-01-24 00:00:00,2,9.91
C01195,2026-01-28 00:00:00,1,7.82
C01196,2026-01-28 00:00:00,0,9.63
C01197,2026-01-31 00:00:00,3,14.88
C01198,2026-01-31 00:00:00,0,9.12
C01199,2026-01-19 00:00:00,1,10.53
C01200,2026-02-01 00:00:00,1,15.73
C01201,2026-01-22 00:00:00,2,14.29
C01202,2026-01-22 00:00:00,1,15.21
C01203,2025-12-09 00:00:00,4,0.42
C01204,2025-08-09 00:00:00,0,0.0
C01205,2025-06-27 00:00:00,5,0.0
C01206,2026-01-23 00:00:00,1,4.34
C01207,2026-02-01 00:00:00,1,5.07
C01208,2026-01-20,1,8.73
C01209,2024-05-25 00:00:00,0,5.89
C01210,2025-09-23 00:00:00,,9.37
C01211,2026-01-19 00:00:00,1,16.18
C01212,15.12.2025,3,
C01213,01/18/2026,0,3.69
C01214,2026-01-23 00:00:00,3,11.69
C01215,2026-01-26 00:00:00,0,9.87
C01216,2026-01-31 00:00:00,0,17.21
C01217,2026-01-31 00:00:00,2,21.27
C01218,2026-01-20 00:00:00,0,19.13
C01219,2026-01-26 00:00:00,1,5.92
C01220,21.01.2026,0,10.03
C01221,2026-01-20 00:00:00,1,4.93
C01222,26.01.2026,0,21.57
C01223,2025-10-19 00:00:00,1,
C01224,2026-01-28 00:00:00,4,13.88
C01225,2026-01-23 00:00:00,0,17.09
C01226,2026-01-22 00:00:00,1,16.09
C01227,2026-01-27 00:00:00,1,21.42
C01228,2026-01-24 00:00:00,,8.26
C01229,2026-01-24 00:00:00,1,"3,65"
C01230,2026-01-30 00:00:00,2,6.58
C01231,2026-01-25 00:00:00,1,10.03
C01232,2026-01-21 00:00:00,0,11.3
C01233,2026-01-18 00:00:00,2,7.4
C01234,2026-01-27 00:00:00,1,17.61
C01235,2025-05-07 00:00:00,0,
C01236,19.01.2026,0,16.28
C01237,2026-01-19 00:00:00,2,17.69
C01238,2026-01-20 00:00:00,1,20.42
C01239,2026-01-27 00:00:00,5,6.2
C01240,2026-01-28 00:00:00,3,9.84
C01241,2026-01-23 00:00:00,3,3.1
C01242,2026-01-29,1,15.6
C01243,2026-01-21 00:00:00,1,7.18
C01244,2025-03-12 00:00:00,3,999.0
C01245,2026-01-28 00:00:00,0,20.94
C01246,2026-01-20 00:00:00,1,11.81
C01247,2026-01-27 00:00:00,0,15.06
C01248,31.01.2026,1,6.84
C01249,2026-01-21 00:00:00,0,14.91
C01250,2026-01-28 00:00:00,2,12.17
C01251,2026-01-23 00:00:00,1,7.87
C01252,2026-01-23 00:00:00,2,10.84
C01253,2026-01-31 00:00:00,1,20.38
C01254,2026-02-01 00:00:00,1,6.43
C01255,2025-03-04 00:00:00,1,8.97
C01256,2026-02-01 00:00:00,1,8.21
C01257,2026-01-28 00:00:00,0,12.47
C01258,2026-01-21 00:00:00,0,23.41
C01259,2024-11-08 00:00:00,1,2.69
C01260,2026-01-25 00:00:00,0,8.44
C01261,2026-01-31 00:00:00,2,15.04
C01262,2026-01-24 00:00:00,1,7.43
C01263,2026-01-22 00:00:00,2,7.02
C01264,2026-01-29 00:00:00,2,8.85
C01265,2026-01-28 00:00:00,0,23.3
C01266,13.02.2024,0,0.36
C01267,2026-01-21 00:00:00,1,12.21
C01268,2026-01-24 00:00:00,1,4.37
C01269,22.01.2026,2,15.17
C01270,2026-01-26 00:00:00,0,18.06
C01271,31.01.2026,1,17.65
C01272,2026-01-18 00:00:00,0,12.68
C01273,2026-01-21 00:00:00,4,4.78
C01274,02/01/2026,1,6.81
C01275,2026-01-28 00:00:00,4,6.96
C01276,2026-01-26 00:00:00,2,5.88
C01277,2026-01-31 00:00:00,0,14.74
C01278,2026-01-20 00:00:00,2,6.29
C01279,2026-01-30 00:00:00,2,"30,08"
C01280,2026-01-29 00:00:00,0,15.1
C01281,2026-01-28 00:00:00,0,15.19
C01282,2026-01-18 00:00:00,1,13.19
C01283,2026-01-29 00:00:00,1,6.87
C01284,2026-01-26 00:00:00,0,22.82
C01285,2025-05-04 00:00:00,4,0.89
C01286,2023-09-06 00:00:00,3,23.39
C01287,31.01.2026,0,3.41
C01288,11/15/2023,2,0.24
C01289,2026-01-30 00:00:00,0,7.46
C01290,2026-01-28 00:00:00,4,11.29
C01291,08/08/2023,2,9.82
C01292,2025-06-27 00:00:00,2,6.49
C01293,2026-01-24 00:00:00,0,10.08
C01294,2026-01-18 00:00:00,2,5.54
C01295,2026-02-01 00:00:00,1,17.69
C01296,01/24/2026,0,12.61
C01297,2026-01-26 00:00:00,0,15.01
C01298,2026-01-31 00:00:00,1,6.93
C01299,2026-01-24 00:00:00,3,7.88
C01300,2026-01-26 00:00:00,2,8.96
C01301,2026-01-21 00:00:00,0,16.44
C01302,2024-10-19 00:00:00,1,14.01
C01303,2025-10-22 00:00:00,1,15.19
C01304,2025-11-30 00:00:00,1,6.51
C01305,2026-01-25 00:00:00,0,11.5
C01306,2026-01-31 00:00:00,,17.15
C01307,2026-01-24 00:00:00,2,28.45
C01308,2024-05-10 00:00:00,2,7.48
C01309,2026-01-28 00:00:00,0,14.78
C01310,2026-01-27 00:00:00,0,8.11
C01311,2026-01-19,0,20.04
C01312,22.01.2026,0,13.1
C01313,2026-01-20 00:00:00,1,12.88
C01314,2026-01-27 00:00:00,1,0.01
C01315,2026-01-27 00:00:00,0,6.03
C01316,01.02.2026,0,11.1
C01317,2026-01-22 00:00:00,0,11.76
C01318,2026-02-01 00:00:00,0,9.91
C01319,2026-01-18 00:00:00,0,-1.2
C01320,2026-01-22 00:00:00,1,17.71
C01321,01/26/2026,0,15.65
C01322,2026-01-23 00:00:00,1,13.85
C01323,2025-04-09 00:00:00,,6.45
C01324,2025-11-03 00:00:00,3,6.97
C01325,21.01.2026,1,0.45
C01326,2026-01-20 00:00:00,1,18.53
C01327,2026-01-24 00:00:00,1,14.43
C01328,2026-01-23 00:00:00,1,"10,76"
C01329,2026-01-25 00:00:00,0,
C01330,2026-01-30 00:00:00,2,5.38
C01331,2026-01-18 00:00:00,2,3.74
C01332,2026-01-28 00:00:00,1,12.7
C01333,2025-02-09 00:00:00,1,9.35
C01334,2026-01-18 00:00:00,2,6.09
C01335,2025-08-14 00:00:00,1,29.02
C01336,2026-01-26 00:00:00,2,0.79
C01337,2026-01-24 00:00:00,1,5.21
C01338,2026-01-29 00:00:00,1,0.0
C01339,2026-01-22 00:00:00,2,7.19
C01340,2026-01-25 00:00:00,1,9.99
C01341,2026-01-29 00:00:00,1,14.57
C01342,2026-01-29 00:00:00,1,6.27
C01343,2026-01-28 00:00:00,1,6.01
C01344,21.01.2026,0,7.82
C01345,2024-04-10 00:00:00,0,5.45
C01346,01/21/2026,1,17.83
C01347,2026-01-22 00:00:00,0,10.69
C01348,06/08/2025,1,8.13
C01349,2026-01-20 00:00:00,2,14.14
C01350,2026-01-23 00:00:00,1,12.86
C01351,2023-10-10 00:00:00,0,5.91
C01352,2026-01-22,4,20.02
C01353,2026-01-18 00:00:00,1,8.85
C01354,2026-01-28 00:00:00,2,7.45
C01355,2026-01-25 00:00:00,7,2.69
C01356,2026-01-19 00:00:00,4,0.0
C01357,2026-01-24 00:00:00,0,12.84
C01358,2026-01-30,3,19.52
C01359,2026-01-27 00:00:00,0,12.38
C01360,2026-01-29 00:00:00,,16.56
C01361,2026-01-25 00:00:00,1,8.61
C01362,2023-01-26 00:00:00,3,0.0
C01363,2026-01-20 00:00:00,3,1.57
C01364,2026-01-18 00:00:00,1,17.59
C01365,2026-01-21 00:00:00,1,16.95
C01366,2026-01-25 00:00:00,0,15.96
C01367,2026-01-23 00:00:00,2,3.88
C01368,2026-01-25 00:00:00,2,13.76
C01369,2026-02-01 00:00:00,2,7.99
C01370,2026-01-31 00:00:00,0,7.23
C01371,2026-01-24 00:00:00,1,6.78
C01372,2026-01-23 00:00:00,4,14.53
C01373,2024-05-02 00:00:00,1,6.47
C01374,2026-02-01 00:00:00,1,8.29
C01375,01/31/2026,1,13.49
C01376,2026-01-28 00:00:00,0,14.45
C01377,2026-01-20 00:00:00,1,10.08
C01378,2026-01-26 00:00:00,3,2.85
C01379,2026-01-18 00:00:00,3,4.25
C01380,2026-01-19 00:00:00,1,"10,39"
C01381,2026-01-20 00:00:00,3,25.62
C01382,2026-01-18 00:00:00,0,10.55
C01383,2026-01-29 00:00:00,3,4.52
C01384,2026-01-18 00:00:00,3,0.14
C01385,2026-01-19 00:00:00,1,13.47
C01386,2024-07-10 00:00:00,2,10.74
C01387,01/30/2026,2,3.28
C01388,2024-08-05 00:00:00,2,6.95
C01389,2026-01-23 00:00:00,2,10.96
C01390,2026-02-01 00:00:00,2,7.43
C01391,2026-01-20 00:00:00,3,17.12
C01392,2026-01-26 00:00:00,2,5.56
C01393,2026-02-01 00:00:00,1,14.45
C01394,2026-01-28 00:00:00,0,10.18
C01395,2026-01-27 00:00:00,1,8.45
C01396,2025-09-22 00:00:00,2,10.5
C01397,2026-01-23 00:00:00,2,13.54
C01398,2025-06-15 00:00:00,1,10.35
C01399,2026-01-23 00:00:00,0,10.74
C01400,2026-01-19 00:00:00,1,4.17
C01401,2026-01-27 00:00:00,2,"21,96"
C01402,01/27/2026,2,4.3
C01403,2026-01-31 00:00:00,1,21.87
C01404,2026-01-27 00:00:00,1,20.01
C01405,2026-01-28 00:00:00,1,9.63
C01406,2026-01-21 00:00:00,1,2.29
C01407,2026-01-31 00:00:00,0,
C01408,2026-01-24 00:00:00,0,22.55
C01409,2026-01-21 00:00:00,0,9.48
C01410,2026-01-29 00:00:00,2,16.2
C01411,2023-07-20 00:00:00,2,3.96
C01412,2026-01-22 00:00:00,0,14.72
C01413,2026-01-24 00:00:00,1,5.08
C01414,2026-01-24 00:00:00,2,0.73
C01415,2026-01-19 00:00:00,1,7.26
C01416,2025-12-04 00:00:00,2,6.95
C01417,2026-01-30 00:00:00,1,13.72
C01418,2026-01-25 00:00:00,1,13.18
C01419,2026-01-24 00:00:00,6,3.65
C01420,01/02/2025,1,2.64
C01421,2026-01-23,,16.99
C01422,2026-01-29 00:00:00,2,9.38
C01423,2026-01-20 00:00:00,1,6.19
C01424,2026-01-26 00:00:00,0,15.42
C01425,2026-01-19 00:00:00,1,9.38
C01426,2026-01-28 00:00:00,1,24.42
C01427,2026-01-21,1,12.87
C01428,2026-01-24 00:00:00,0,5.75
C01429,2026-01-24 00:00:00,1,11.1
C01430,2025-03-07 00:00:00,2,6.08
C01431,2026-01-30 00:00:00,0,16.81
C01432,2026-01-28 00:00:00,1,3.65
C01433,2026-01-30 00:00:00,1,4.02
C01434,2026-01-20 00:00:00,0,10.07
C01435,2024-05-22 00:00:00,3,0.0
C01436,2026-01-20 00:00:00,4,11.98
C01437,2024-11-23 00:00:00,0,-1.2
C01438,2026-01-29 00:00:00,1,16.68
C01439,2026-01-26 00:00:00,0,18.66
C01440,2026-01-21 00:00:00,2,10.32
C01441,2025-08-10 00:00:00,0,0.7
C01442,2026-01-18 00:00:00,1,13.71
C01443,2025-09-06 00:00:00,4,8.29
C01444,2026-01-18 00:00:00,1,15.16
C01445,2026-01-29 00:00:00,0,
C01446,2026-01-23 00:00:00,0,25.63
C01447,2026-01-25 00:00:00,1,5.29
C01448,2026-01-30 00:00:00,2,24.79
C01449,2026-01-18 00:00:00,0,7.95
C01450,2026-01-31 00:00:00,1,10.66
C01451,2026-01-20 00:00:00,0,12.51
C01452,2026-01-28 00:00:00,2,7.62
C01453,2026-01-29 00:00:00,0,6.92
C01454,2026-01-23 00:00:00,0,19.33
C01455,2026-01-25 00:00:00,1,0.0
C01456,2026-01-27 00:00:00,0,10.3
C01457,2026-01-19 00:00:00,1,8.04
C01458,2026-01-22 00:00:00,2,20.68
C01459,2023-10-08 00:00:00,1,11.41
C01460,2026-01-21 00:00:00,0,20.8
C01461,2026-01-20 00:00:00,1,19.21
C01462,2024-03-28 00:00:00,3,0.0
C01463,2026-01-26 00:00:00,1,12.46
C01464,2026-01-19 00:00:00,2,8.63
C01465,2026-01-20 00:00:00,1,20.66
C01466,2026-02-01 00:00:00,1,8.36
C01467,2026-01-29 00:00:00,2,8.41
C01468,2025-02-19 00:00:00,3,4.91
C01469,06.08.2025,1,6.35
C01470,2026-01-20 00:00:00,0,14.27
C01471,2026-01-25 00:00:00,2,2.8
C01472,2026-01-30 00:00:00,2,7.64
C01473,2026-01-24 00:00:00,2,"0,14"
C01474,2024-12-13 00:00:00,0,0.25
C01475,2026-01-22 00:00:00,1,16.47
C01476,2026-01-18 00:00:00,2,12.14
C01477,2026-01-23 00:00:00,1,15.87
C01478,2026-01-19 00:00:00,0,4.0
C01479,2023-08-15 00:00:00,2,"2,21"
C01480,2026-01-20 00:00:00,0,14.73
C01481,2026-01-18 00:00:00,0,2.71
C01482,2026-01-30 00:00:00,2,5.75
C01483,2026-01-23 00:00:00,3,3.91
C01484,2023-12-30 00:00:00,0,12.81
C01485,2026-01-31,0,13.73
C01486,2026-01-29 00:00:00,0,17.51
C01487,2026-01-30 00:00:00,2,13.55
C01488,2026-01-30 00:00:00,1,7.31
C01489,2026-02-01 00:00:00,0,13.2
C01490,2026-01-18 00:00:00,0,7.73
C01491,2026-01-26 00:00:00,0,8.03
C01492,2026-01-30 00:00:00,0,26.41
C01493,2026-01-27 00:00:00,0,12.04
C01494,01/21/2026,1,13.39
C01495,2026-01-23 00:00:00,1,16.82
C01496,2026-02-01 00:00:00,1,11.2
C01497,2026-01-30 00:00:00,1,4.99
C01498,2025-10-13 00:00:00,1,2.17
C01499,2024-10-16 00:00:00,1,8.1
C01500,2026-01-31 00:00:00,3,4.37
C01501,2026-01-20 00:00:00,1,3.63
C01502,2026-02-01 00:00:00,2,6.33
C01503,2026-01-25 00:00:00,1,17.61
C01504,2026-01-29 00:00:00,0,16.79
C01505,2026-01-26 00:00:00,1,"19,73"
C01506,2023-07-02 00:00:00,0,14.71
C01507,29.01.2026,1,14.06
C01508,2025-05-04 00:00:00,0,7.39
C01509,2026-01-28 00:00:00,0,15.84
C01510,2026-01-23 00:00:00,1,5.59
C01511,2026-02-01 00:00:00,1,15.2
C01512,2026-01-28 00:00:00,1,"12,60"
C01513,2026-01-18 00:00:00,2,6.56
C01514,2026-01-22 00:00:00,0,7.09
C01515,2026-01-18 00:00:00,1,6.89
C01516,2026-01-22 00:00:00,0,17.22
C01517,2025-02-11 00:00:00,0,7.71
C01518,2026-01-26 00:00:00,1,14.75
C01519,2026-01-19 00:00:00,3,1.47
C01520,2026-01-22 00:00:00,1,21.0
C01521,2026-01-25 00:00:00,1,20.15
C01522,2025-07-19 00:00:00,3,0.0
C01523,01/31/2026,2,11.36
C01524,2026-01-18 00:00:00,0,15.16
C01525,2025-04-19 00:00:00,0,16.76
C01526,2026-01-18 00:00:00,2,10.55
C01527,2026-01-20 00:00:00,0,16.61
C01528,2026-01-25 00:00:00,1,20.01
C01529,2026-01-25 00:00:00,0,6.96
C01530,2026-02-01 00:00:00,1,4.5
C01531,2026-01-28 00:00:00,3,1.9
C01532,2023-03-05 00:00:00,1,9.51
C01533,2025-09-19 00:00:00,1,21.37
C01534,2026-01-30 00:00:00,4,2.74
C01535,2025-08-18 00:00:00,2,14.92
C01536,2026-01-28 00:00:00,1,7.77
C01537,2024-02-24 00:00:00,2,7.66
C01538,2026-01-27 00:00:00,1,14.3
C01539,2026-01-21 00:00:00,2,6.87
C01540,2026-01-22 00:00:00,,15.08
C01541,2026-01-18 00:00:00,1,20.63
C01542,2026-01-25 00:00:00,0,10.26
C01543,2026-01-27 00:00:00,5,12.19
C01544,2026-01-23 00:00:00,1,1.8
C01545,2024-04-04 00:00:00,1,5.37
C01546,2026-01-18 00:00:00,1,16.59
C01547,2026-01-22 00:00:00,2,9.38
C01548,01.11.2025,2,8.96
C01549,2026-01-30 00:00:00,0,8.53
C01550,2026-02-01 00:00:00,1,8.88
C01551,2026-01-22 00:00:00,1,5.68
C01552,2025-06-24 00:00:00,0,12.53
C01553,2025-03-28 00:00:00,2,23.13
C01554,2026-01-24 00:00:00,0,7.74
C01555,2026-01-25 00:00:00,0,9.72
C01556,2026-01-25 00:00:00,3,5.23
C01557,2026-01-23 00:00:00,1,20.7
C01558,20.01.2026,0,14.09
C01559,2026-01-19 00:00:00,2,15.66
C01560,2026-01-30 00:00:00,1,17.49
C01561,2026-01-18 00:00:00,0,15.41
C01562,2026-01-24 00:00:00,1,4.34
C01563,2026-01-30 00:00:00,1,9.2
C01564,2026-01-19 00:00:00,2,10.78
C01565,2026-01-27 00:00:00,1,19.37
C01566,2026-01-26 00:00:00,0,8.84
C01567,01/18/2026,0,11.81
C01568,2026-01-24 00:00:00,0,15.18
C01569,2026-01-30 00:00:00,2,13.26
C01570,31.01.2026,0,16.9
C01571,03/31/2023,1,9.04
C01572,2026-01-27 00:00:00,0,2.94
C01573,2026-01-31 00:00:00,0,11.82
C01574,2025-12-17 00:00:00,0,12.89
C01575,2026-01-18 00:00:00,0,13.76
C01576,2026-01-24 00:00:00,0,5.33
C01577,2026-01-25 00:00:00,1,10.46
C01578,2026-01-24 00:00:00,0,12.13
C01579,2026-01-26 00:00:00,2,15.16
C01580,2026-01-18 00:00:00,1,6.23
C01581,01/23/2026,0,"0,36"
C01582,2026-01-23 00:00:00,-2,12.75
C01583,2026-01-19 00:00:00,2,15.29
C01584,2026-02-01 00:00:00,1,15.27
C01585,2026-01-28 00:00:00,2,17.53
C01586,2026-01-20 00:00:00,1,11.63
C01587,2026-01-31 00:00:00,3,10.55
C01588,2026-01-28 00:00:00,1,10.81
C01589,01/30/2026,2,0.07
C01590,2023-01-06 00:00:00,2,6.62
C01591,20.01.2026,2,17.26
C01592,2026-01-29 00:00:00,0,13.42
C01593,2026-01-22 00:00:00,2,4.95
C01594,2026-01-21 00:00:00,0,12.17
C01595,2026-01-19 00:00:00,0,11.11
C01596,2026-01-19 00:00:00,,7.76
C01597,2026-01-26 00:00:00,1,8.4
C01598,2026-01-31 00:00:00,3,11.89
C01599,2025-08-19 00:00:00,2,22.63
C01600,2025-01-19 00:00:00,0,14.53
C01601,2026-01-26 00:00:00,0,5.21
C01602,2026-01-24 00:00:00,1,19.13
C01603,2026-01-23 00:00:00,4,19.95
C01604,2026-01-28 00:00:00,0,11.98
C01605,2026-01-28 00:00:00,0,6.37
C01606,2026-01-27 00:00:00,1,11.83
C01607,2026-01-25 00:00:00,1,15.55
C01608,2026-01-22 00:00:00,0,17.61
C01609,2026-02-01,3,24.91
C01610,2026-01-28 00:00:00,1,-5.0
C01611,2025-04-12 00:00:00,1,7.16
C01612,2026-02-01 00:00:00,,"15,57"
C01613,2026-01-21 00:00:00,1,9.61
C01614,2026-01-21 00:00:00,2,2.81
C01615,2026-01-28 00:00:00,2,6.11
C01616,2026-01-23,0,7.08
C01617,2025-10-05 00:00:00,2,8.42
C01618,2026-01-29 00:00:00,1,21.15
C01619,2026-01-30 00:00:00,1,5.4
C01620,2026-01-18 00:00:00,3,0.0
C01621,2026-01-20 00:00:00,0,4.31
C01622,2023-09-22 00:00:00,1,10.23
C01623,30.01.2026,2,10.16
C01624,2023-12-20,1,12.22
C01625,2026-01-23 00:00:00,1,11.9
C01626,2026-01-25 00:00:00,0,
C01627,2024-11-02 00:00:00,0,5.23
C01628,01/29/2026,2,20.24
C01629,2026-01-28 00:00:00,2,13.51
C01630,2026-01-30 00:00:00,0,4.86
C01631,2026-01-21 00:00:00,1,
C01632,18.01.2026,2,7.62
C01633,2026-01-18 00:00:00,5,9.3
C01634,2026-01-19 00:00:00,1,4.46
C01635,31.01.2026,4,12.03
C01636,2025-05-01 00:00:00,1,8.69
C01637,2026-01-20 00:00:00,0,16.45
C01638,2026-01-25 00:00:00,1,8.41
C01639,2026-01-24 00:00:00,1,7.3
C01640,2026-01-27 00:00:00,0,7.56
C01641,2026-01-20 00:00:00,1,7.57
C01642,2026-01-22 00:00:00,0,12.99
C01643,2026-01-23 00:00:00,0,10.32
C01644,01/09/2026,0,5.45
C01645,2026-01-18 00:00:00,0,6.61
C01646,2026-01-25 00:00:00,4,2.18
C01647,2024-02-11 00:00:00,1,21.7
C01648,2026-01-22 00:00:00,2,15.17
C01649,2026-01-25 00:00:00,0,14.28
C01650,2026-01-21 00:00:00,1,7.31
C01651,2026-01-29 00:00:00,0,15.02
C01652,2026-01-26 00:00:00,1,19.53
C01653,2023-05-26 00:00:00,0,12.13
C01654,2024-08-03 00:00:00,1,14.66
C01655,2026-01-28 00:00:00,0,21.42
C01656,01/31/2026,1,13.56
C01657,2026-01-21 00:00:00,2,8.83
C01658,2026-01-29 00:00:00,2,2.87
C01659,2026-01-29 00:00:00,3,0.72
C01660,03/08/2024,1,19.1
C01661,2026-01-23 00:00:00,2,5.12
C01662,27.01.2026,0,12.47
C01663,2026-01-24 00:00:00,1,11.15
C01664,2026-01-27 00:00:00,1,18.19
C01665,2026-01-21 00:00:00,,7.82
C01666,2026-01-27 00:00:00,0,12.53
C01667,2026-01-21 00:00:00,1,8.28
C01668,2025-03-15 00:00:00,4,0.9
C01669,2026-02-01 00:00:00,1,11.49
C01670,2026-01-26 00:00:00,1,0.44
C01671,2026-01-29 00:00:00,0,10.07
C01672,2026-01-25 00:00:00,1,28.44
C01673,01/24/2025,2,13.1
C01674,2026-01-21 00:00:00,2,2.6
C01675,2026-01-23 00:00:00,0,13.39
C01676,2026-01-30 00:00:00,0,23.29
C01677,2026-01-18 00:00:00,3,21.19
C01678,2026-01-27 00:00:00,1,11.9
C01679,2026-01-29 00:00:00,1,0.54
C01680,2026-02-01 00:00:00,1,11.74
C01681,2026-01-29 00:00:00,1,12.38
C01682,02/01/2026,0,9.25
C01683,2026-01-25 00:00:00,0,20.17
C01684,2026-01-23 00:00:00,3,2.64
C01685,2026-01-27 00:00:00,1,11.49
C01686,2026-01-19 00:00:00,0,0.0
C01687,2024-04-13 00:00:00,3,2.2
C01688,2025-03-13 00:00:00,2,5.98
C01689,2026-01-23 00:00:00,0,
C01690,2026-01-26 00:00:00,0,16.8
C01691,2026-01-28 00:00:00,2,"20,00"
C01692,2026-01-29 00:00:00,0,11.32
C01693,2026-01-25 00:00:00,0,9.66
C01694,2026-01-30 00:00:00,2,16.24
C01695,22.01.2026,1,18.93
C01696,19.01.2026,-2,8.63
C01697,2026-01-27 00:00:00,0,11.44
C01698,2026-01-24 00:00:00,2,6.04
C01699,2026-01-18 00:00:00,1,29.71
C01700,2025-08-16 00:00:00,2,10.45
C01701,01/26/2026,1,8.58
C01702,2024-03-03 00:00:00,0,4.84
C01703,2026-02-01 00:00:00,0,6.83
C01704,2026-01-24 00:00:00,1,12.39
C01705,2026-01-29 00:00:00,,10.38
C01706,27.10.2025,1,250.0
C01707,01/25/2026,0,17.75
C01708,2026-01-22 00:00:00,2,0.0
C01709,2026-01-21 00:00:00,0,15.29
C01710,2026-01-21 00:00:00,0,21.82
C01711,2026-01-28 00:00:00,1,4.33
C01712,2026-01-26 00:00:00,1,3.6
C01713,2026-01-31 00:00:00,0,16.88
C01714,2025-08-18 00:00:00,2,15.55
C01715,2026-01-20 00:00:00,0,
C01716,2026-01-25 00:00:00,3,0.0
C01717,2026-01-28 00:00:00,5,0.0
C01718,2025-05-15 00:00:00,4,10.39
C01719,2026-01-23 00:00:00,1,1.28
C01720,2026-01-22 00:00:00,2,10.55
C01721,2026-01-25 00:00:00,1,10.78
C01722,2026-01-29 00:00:00,0,14.04
C01723,2026-01-26 00:00:00,0,17.26
C01724,2025-10-04 00:00:00,1,18.36
C01725,2025-03-26 00:00:00,0,20.85
C01726,2026-01-26 00:00:00,2,9.68
C01727,2026-01-20 00:00:00,0,9.4
C01728,2026-01-23 00:00:00,0,5.22
C01729,2026-01-30 00:00:00,2,14.81
C01730,01/20/2026,3,12.72
C01731,2025-09-04 00:00:00,1,3.4
C01732,2026-01-23 00:00:00,1,12.9
C01733,2026-01-24 00:00:00,1,7.02
C01734,2026-01-22 00:00:00,1,16.86
C01735,01/21/2026,0,15.08
C01736,2026-01-28 00:00:00,0,4.2
C01737,21.01.2026,1,14.69
C01738,2026-01-24 00:00:00,0,8.24
C01739,2026-01-27 00:00:00,3,8.78
C01740,2026-01-31 00:00:00,5,3.34
C01741,2026-01-24 00:00:00,2,6.16
C01742,2026-01-26 00:00:00,0,15.59
C01743,01/25/2026,0,5.52
C01744,2026-01-22 00:00:00,2,8.3
C01745,2026-01-22 00:00:00,0,12.44
C01746,2026-01-30 00:00:00,2,14.11
C01747,2026-01-28 00:00:00,2,10.1
C01748,2026-01-19 00:00:00,2,6.24
C01749,2026-01-24,1,
C01750,2026-01-26 00:00:00,3,19.99
C01751,2026-01-18 00:00:00,0,12.32
C01752,2026-01-22 00:00:00,3,3.77
C01753,2026-01-20 00:00:00,3,3.19
C01754,2026-01-25 00:00:00,0,9.62
C01755,2025-07-19 00:00:00,2,4.3
C01756,2026-01-22 00:00:00,0,14.62
C01757,2026-01-20 00:00:00,3,14.54
C01758,2026-01-24 00:00:00,1,14.98
C01759,2026-01-26 00:00:00,0,18.29
C01760,2026-01-31 00:00:00,0,7.11
C01761,2026-01-29 00:00:00,0,"9,73"
C01762,2026-01-19 00:00:00,2,6.27
C01763,2026-01-30 00:00:00,1,6.98
C01764,2026-01-23,1,16.23
C01765,2026-01-23 00:00:00,2,19.17
C01766,2026-01-25 00:00:00,3,5.88
C01767,2026-01-18 00:00:00,3,12.98
C01768,2026-01-22 00:00:00,0,10.18
C01769,2023-05-24 00:00:00,4,0.0
C01770,2026-01-29 00:00:00,0,12.55
C01771,2026-01-21 00:00:00,2,11.57
C01772,21.01.2026,0,6.13
C01773,2026-01-19 00:00:00,0,4.96
C01774,2026-01-26 00:00:00,2,0.0
C01775,2025-10-25 00:00:00,1,8.21
C01776,2023-12-29 00:00:00,1,12.59
C01777,2024-07-29 00:00:00,0,7.66
C01778,2026-01-28 00:00:00,2,9.86
C01779,2026-01-28 00:00:00,3,3.59
C01780,2026-01-21 00:00:00,3,1.81
C01781,2026-01-24 00:00:00,1,8.71
C01782,2026-01-19 00:00:00,1,9.59
C01783,2026-01-23 00:00:00,1,12.15
C01784,2026-01-18 00:00:00,0,5.95
C01785,2026-01-28 00:00:00,0,5.17
C01786,2026-01-21 00:00:00,0,13.28
C01787,2026-01-30 00:00:00,3,1.22
C01788,2026-01-22 00:00:00,2,11.61
C01789,2026-01-26 00:00:00,1,16.27
C01790,2026-01-25 00:00:00,3,1.85
C01791,2026-01-20 00:00:00,4,5.58
C01792,2026-01-31 00:00:00,2,8.61
C01793,29.01.2026,0,11.36
C01794,2026-01-24 00:00:00,0,9.27
C01795,14.11.2024,0,12.0
C01796,2026-01-24 00:00:00,2,15.8
C01797,2026-01-26 00:00:00,1,5.54
C01798,02/01/2026,2,15.65
C01799,2026-01-18 00:00:00,2,7.9
C01800,2026-01-22 00:00:00,2,12.56
C01801,2026-01-23 00:00:00,1,11.79
C01802,2026-01-30 00:00:00,2,8.02
C01803,2024-11-18 00:00:00,5,2.3
C01804,01/24/2026,1,6.12
C01805,2026-02-01 00:00:00,2,7.94
C01806,2026-01-25 00:00:00,2,16.08
C01807,2023-11-17 00:00:00,0,5.75
C01808,2024-06-11 00:00:00,2,
C01809,25.01.2026,0,19.94
C01810,2026-01-29 00:00:00,2,10.68
C01811,2026-01-31 00:00:00,1,14.47
C01812,2026-01-30 00:00:00,2,5.76
C01813,2026-01-28 00:00:00,2,7.41
C01814,2026-01-24 00:00:00,3,23.02
C01815,01/22/2026,0,10.28
C01816,2026-01-26 00:00:00,2,11.81
C01817,2026-01-20 00:00:00,1,9.06
C01818,2026-01-30 00:00:00,1,7.99
C01819,01/26/2026,0,12.63
C01820,2024-04-06 00:00:00,1,15.58
C01821,2024-12-06 00:00:00,2,7.61
C01822,19.01.2026,0,12.03
C01823,2026-01-18 00:00:00,1,11.39
C01824,2026-01-21 00:00:00,0,"12,23"
C01825,2026-01-22 00:00:00,1,6.59
C01826,2026-01-29 00:00:00,2,2.34
C01827,2026-01-30 00:00:00,2,15.83
C01828,2026-01-29 00:00:00,0,5.93
C01829,2026-01-30 00:00:00,3,3.91
C01830,2026-01-24 00:00:00,1,10.96
C01831,2026-01-18 00:00:00,1,9.63
C01832,2026-01-22 00:00:00,1,10.75
C01833,01/19/2026,0,11.65
C01834,2026-01-18 00:00:00,1,4.74
C01835,2026-01-23 00:00:00,0,17.35
C01836,2026-01-31 00:00:00,0,8.84
C01837,2026-01-19 00:00:00,2,6.32
C01838,01/24/2026,0,15.05
C01839,2026-01-24 00:00:00,1,3.79
C01840,2026-01-18 00:00:00,2,20.78
C01841,2026-01-22 00:00:00,1,11.93
C01842,2026-01-31 00:00:00,2,0.68
C01843,2026-01-21 00:00:00,0,19.37
C01844,2026-01-18 00:00:00,1,6.08
C01845,29.01.2026,0,20.2
C01846,2026-01-26 00:00:00,3,3.68
C01847,2026-01-31 00:00:00,0,18.3
C01848,2026-01-22 00:00:00,1,"16,40"
C01849,2026-01-30 00:00:00,1,19.43
C01850,2026-01-26 00:00:00,0,15.21
C01851,2026-01-23 00:00:00,1,12.21
C01852,2026-01-20 00:00:00,1,
C01853,2026-01-28 00:00:00,0,19.8
C01854,2026-01-19 00:00:00,0,6.47
C01855,2026-02-01,1,1.93
C01856,2025-09-13 00:00:00,1,13.81
C01857,2026-01-31 00:00:00,2,13.39
C01858,2025-06-15 00:00:00,0,7.7
C01859,2026-01-27 00:00:00,0,
C01860,2026-02-01 00:00:00,0,12.82
C01861,2026-01-21,1,23.77
C01862,2026-01-28 00:00:00,25,12.06
C01863,22.01.2026,0,21.23
C01864,24.01.2026,0,"7,06"
C01865,2026-01-31 00:00:00,0,15.11
C01866,01/23/2026,1,
C01867,2026-01-20 00:00:00,0,4.59
C01868,2026-01-27 00:00:00,1,3.79
C01869,2026-01-20 00:00:00,1,14.97
C01870,2025-11-03 00:00:00,4,2.83
C01871,2026-01-28 00:00:00,1,4.36
C01872,2026-01-30 00:00:00,1,9.04
C01873,29.01.2026,1,7.42
C01874,2026-01-29 00:00:00,0,15.23
C01875,2026-01-23 00:00:00,1,10.73
C01876,2026-01-31 00:00:00,2,14.65
C01877,2024-04-29 00:00:00,2,8.38
C01878,2026-01-29 00:00:00,1,18.08
C01879,2026-01-30 00:00:00,0,11.22
C01880,2023-09-10 00:00:00,1,21.07
C01881,2026-01-24,0,24.52
C01882,2024-08-25 00:00:00,2,15.26
C01883,2026-01-23 00:00:00,0,12.28
C01884,2026-01-19 00:00:00,3,16.94
C01885,2024-11-18 00:00:00,1,10.37
C01886,2026-01-29 00:00:00,2,19.94
C01887,2026-01-22,0,"8,92"
C01888,2026-01-25 00:00:00,2,13.18
C01889,2026-01-22 00:00:00,1,5.98
C01890,2026-01-30 00:00:00,3,8.02
C01891,2024-01-23 00:00:00,1,6.17
C01892,2026-02-01 00:00:00,1,1.37
C01893,2025-11-27 00:00:00,1,15.2
C01894,2025-09-25 00:00:00,0,20.0
C01895,2026-01-25 00:00:00,0,2.94
C01896,09/29/2025,3,9.68
C01897,2026-01-18 00:00:00,0,"16,73"
C01898,2026-01-27 00:00:00,0,9.23
C01899,2026-01-22 00:00:00,1,13.62
C01900,2025-03-14 00:00:00,4,8.72
C01901,2026-01-26 00:00:00,0,7.68
C01902,2026-01-21 00:00:00,0,20.06
C01903,2026-01-27 00:00:00,0,10.81
C01904,2024-07-04 00:00:00,4,0.0
C01905,01/21/2026,0,14.49
C01906,2026-01-31 00:00:00,2,
C01907,2026-01-26 00:00:00,-2,18.63
C01908,2026-01-28,0,13.58
C01909,2026-01-25 00:00:00,2,13.77
C01910,01/24/2026,0,17.96
C01911,2026-01-26 00:00:00,3,19.87
C01912,2026-01-18,1,15.69
C01913,2026-01-19 00:00:00,1,15.57
C01914,2025-11-16 00:00:00,1,4.34
C01915,2026-01-23 00:00:00,1,4.57
C01916,2026-01-28 00:00:00,0,12.47
C01917,2026-01-22 00:00:00,2,20.37
C01918,2026-01-25 00:00:00,2,8.65
C01919,2026-01-18 00:00:00,1,9.27
C01920,2026-01-18 00:00:00,2,12.03
C01921,2026-02-01 00:00:00,1,22.75
C01922,2026-01-31 00:00:00,2,20.44
C01923,2026-02-01 00:00:00,2,11.64
C01924,2026-01-21 00:00:00,2,3.66
C01925,2026-01-29 00:00:00,1,
C01926,2024-03-21 00:00:00,3,0.0
C01927,2026-01-28 00:00:00,0,9.22
C01928,2026-01-28 00:00:00,1,19.23
C01929,2026-01-23 00:00:00,2,5.11
C01930,2026-01-21 00:00:00,2,13.27
C01931,2026-01-24 00:00:00,1,8.24
C01932,2026-01-24 00:00:00,0,10.93
C01933,2026-01-21 00:00:00,0,24.77
C01934,2026-01-30 00:00:00,3,12.54
C01935,2026-01-24 00:00:00,1,3.42
C01936,2026-01-28 00:00:00,0,12.08
C01937,2026-01-30 00:00:00,0,14.86
C01938,2026-01-28 00:00:00,1,21.07
C01939,2026-01-30 00:00:00,1,7.12
C01940,2024-11-23 00:00:00,3,11.52
C01941,2026-02-01 00:00:00,1,0.23
C01942,2026-01-21 00:00:00,1,10.25
C01943,2026-01-27 00:00:00,3,5.77
C01944,2023-06-26 00:00:00,0,5.9
C01945,2024-06-23 00:00:00,1,9.11
C01946,2023-04-17 00:00:00,0,7.74
C01947,2024-11-05 00:00:00,0,5.98
C01948,2025-09-11 00:00:00,2,0.35
C01949,2026-01-26 00:00:00,0,4.91
C01950,2024-10-16 00:00:00,1,8.13
C01951,2026-01-20 00:00:00,1,6.77
C01952,2026-01-31 00:00:00,1,6.34
C01953,2026-01-28 00:00:00,0,
C01954,2026-01-21 00:00:00,3,4.2
C01955,01/27/2026,3,16.27
C01956,31.01.2026,0,13.85
C01957,2024-11-21 00:00:00,0,"11,11"
C01958,2026-01-28 00:00:00,1,15.69
C01959,2026-01-29 00:00:00,0,10.53
C01960,01/22/2026,2,21.99
C01961,2025-12-12 00:00:00,1,21.47
C01962,2026-01-21 00:00:00,1,12.25
C01963,2026-01-28 00:00:00,0,11.39
C01964,2026-01-31 00:00:00,1,12.59
C01965,2026-02-01 00:00:00,1,20.87
C01966,2026-01-23 00:00:00,0,21.6
C01967,2026-01-21 00:00:00,-2,2.92
C01968,2026-01-30 00:00:00,0,18.63
C01969,2026-01-28 00:00:00,0,22.3
C01970,2026-01-21 00:00:00,2,17.39
C01971,2026-01-19 00:00:00,0,0.45
C01972,2026-01-22 00:00:00,3,12.92
C01973,2026-01-23 00:00:00,3,2.76
C01974,01/21/2026,2,6.58
C01975,2026-01-28 00:00:00,0,"25,06"
C01976,2026-02-01 00:00:00,1,9.82
C01977,2026-01-24 00:00:00,1,16.4
C01978,2026-01-24 00:00:00,1,12.2
C01979,2026-01-20 00:00:00,2,
C01980,2026-01-29,0,23.46
C01981,2026-01-19 00:00:00,0,
C01982,2026-01-25 00:00:00,0,6.62
C01983,2023-11-11 00:00:00,1,5.62
C01984,2026-01-18 00:00:00,0,8.97
C01985,2026-01-24 00:00:00,0,13.71
C01986,31.01.2026,0,15.19
C01987,2025-11-11 00:00:00,0,17.34
C01988,2026-01-24 00:00:00,1,23.42
C01989,2024-03-23 00:00:00,2,19.0
C01990,2025-12-13 00:00:00,5,
C01991,2024-10-01 00:00:00,1,7.46
C01992,2026-01-25 00:00:00,1,5.5
C01993,2026-01-31 00:00:00,0,10.9
C01994,2026-01-25 00:00:00,1,11.63
C01995,2025-07-24 00:00:00,0,20.2
C01996,2023-05-27 00:00:00,1,3.16
C01997,01/22/2026,0,7.74
C01998,2026-01-23 00:00:00,0,19.48
C01999,2026-01-25 00:00:00,3,5.93
C02000,2026-01-18 00:00:00,2,24.22
C00682,2026-01-26 00:00:00,0,7.46
C01602,2026-01-24 00:00:00,1,19.13
C00820,2025-12-12 00:00:00,1,13.77
C00911,01/19/2026,0,7.47
C00331,2026-01-31 00:00:00,0,7.46
C01887,2026-01-22,0,"8,92"
C00365,2026-01-20 00:00:00,0,12.06
C01604,2026-01-28 00:00:00,0,11.98
C01910,01/24/2026,0,17.96
C00086,2026-01-27 00:00:00,0,
C01609,2026-02-01,3,24.91
C01298,2026-01-31 00:00:00,1,6.93
C01872,2026-01-30 00:00:00,1,9.04
C00442,2026-01-26 00:00:00,0,8.23
C00947,2025-10-26 00:00:00,0,7.54
C00641,2026-01-25 00:00:00,0,5.56
C01052,2026-01-23 00:00:00,0,11.85
C00285,2026-02-01 00:00:00,4,1.72
C00610,2026-01-18 00:00:00,0,11.92
C01706,27.10.2025,1,250.0
